File name,Start city,Partial cost,Cost,Computation time,RCL size,Tour
rat575,2,8690.20446449419,7889.448166532951,6.861066102981567,3,"[1, 0, 23, 46, 69, 92, 115, 116, 117, 138, 139, 161, 184, 207, 230, 253, 254, 276, 299, 322, 345, 368, 369, 392, 393, 391, 414, 437, 460, 483, 484, 506, 529, 552, 553, 554, 555, 556, 557, 558, 559, 534, 533, 532, 531, 530, 507, 508, 509, 486, 510, 535, 536, 512, 511, 488, 487, 485, 462, 461, 438, 439, 463, 464, 442, 466, 465, 489, 513, 514, 537, 538, 560, 561, 562, 563, 564, 539, 540, 516, 515, 517, 541, 542, 565, 566, 544, 567, 568, 570, 572, 571, 569, 546, 547, 545, 543, 521, 520, 519, 518, 495, 494, 493, 492, 491, 490, 468, 469, 471, 470, 447, 446, 445, 467, 444, 443, 441, 440, 416, 415, 417, 418, 419, 420, 395, 394, 371, 372, 396, 397, 421, 422, 423, 424, 425, 448, 449, 472, 473, 496, 497, 498, 474, 499, 522, 523, 524, 501, 500, 502, 525, 548, 550, 573, 574, 551, 549, 526, 503, 527, 528, 505, 504, 480, 479, 477, 476, 454, 453, 475, 452, 451, 450, 426, 427, 429, 431, 455, 478, 456, 457, 458, 481, 482, 459, 436, 413, 435, 434, 433, 432, 430, 407, 406, 428, 405, 404, 403, 402, 401, 400, 399, 398, 376, 375, 374, 373, 370, 348, 347, 346, 323, 324, 300, 302, 326, 325, 349, 350, 351, 352, 353, 328, 327, 304, 303, 301, 277, 278, 279, 256, 258, 281, 280, 282, 283, 305, 306, 329, 307, 330, 354, 377, 379, 378, 356, 355, 332, 331, 309, 308, 284, 286, 310, 311, 333, 334, 357, 380, 381, 383, 382, 358, 359, 360, 384, 408, 386, 409, 410, 411, 412, 388, 387, 385, 362, 363, 389, 390, 366, 367, 365, 341, 364, 340, 339, 338, 337, 361, 336, 335, 312, 287, 288, 263, 262, 285, 261, 260, 259, 257, 234, 233, 255, 231, 232, 210, 209, 208, 185, 186, 187, 188, 211, 212, 235, 236, 237, 239, 238, 215, 214, 213, 190, 192, 216, 217, 240, 241, 264, 265, 289, 290, 313, 314, 315, 316, 318, 342, 344, 343, 319, 295, 317, 294, 293, 292, 291, 268, 267, 266, 244, 243, 242, 219, 218, 194, 193, 191, 189, 164, 165, 163, 162, 140, 141, 142, 143, 166, 144, 167, 168, 169, 170, 171, 195, 196, 220, 221, 222, 245, 246, 247, 271, 270, 269, 272, 296, 320, 321, 297, 298, 275, 274, 273, 251, 252, 250, 249, 248, 226, 225, 224, 223, 199, 198, 197, 200, 201, 202, 176, 175, 174, 173, 151, 152, 153, 129, 127, 150, 126, 149, 172, 148, 147, 146, 145, 121, 120, 119, 118, 94, 93, 70, 71, 72, 73, 95, 96, 74, 97, 98, 122, 100, 123, 124, 125, 102, 101, 99, 77, 76, 75, 50, 49, 48, 47, 24, 25, 26, 4, 27, 28, 51, 52, 53, 54, 78, 80, 103, 105, 104, 128, 106, 107, 130, 131, 154, 155, 177, 178, 179, 203, 204, 227, 229, 228, 206, 205, 183, 180, 181, 156, 132, 108, 109, 84, 83, 82, 81, 79, 56, 55, 30, 29, 7, 31, 32, 10, 33, 34, 57, 58, 35, 36, 59, 60, 62, 85, 86, 87, 133, 110, 134, 135, 157, 158, 182, 159, 160, 136, 137, 114, 113, 111, 112, 90, 89, 88, 91, 68, 67, 66, 65, 64, 63, 61, 37, 38, 15, 39, 40, 41, 18, 42, 19, 43, 44, 20, 45, 22, 21, 17, 16, 14, 13, 12, 11, 9, 8, 6, 5, 3, 2]"
rat575,61,8641.848301291397,7883.747666145525,2.690232753753662,3,"[38, 15, 39, 40, 41, 18, 42, 19, 43, 44, 20, 45, 22, 21, 17, 16, 14, 13, 11, 12, 33, 10, 9, 8, 7, 6, 5, 3, 2, 1, 0, 23, 46, 69, 92, 115, 116, 117, 138, 139, 161, 184, 207, 230, 253, 254, 276, 299, 322, 345, 368, 369, 392, 393, 391, 414, 437, 460, 483, 484, 506, 529, 552, 553, 554, 555, 556, 557, 558, 559, 534, 533, 532, 531, 530, 507, 508, 509, 486, 510, 535, 536, 512, 511, 488, 487, 485, 462, 461, 438, 439, 463, 464, 442, 466, 465, 489, 513, 514, 537, 538, 560, 561, 562, 563, 564, 539, 540, 516, 515, 517, 541, 542, 565, 566, 544, 567, 568, 570, 572, 571, 569, 546, 547, 545, 543, 521, 520, 519, 518, 495, 494, 493, 492, 491, 490, 468, 469, 471, 470, 447, 446, 445, 467, 444, 443, 441, 440, 416, 415, 417, 418, 419, 420, 395, 394, 371, 372, 396, 397, 421, 422, 423, 424, 425, 448, 449, 472, 473, 496, 497, 498, 474, 499, 522, 523, 524, 501, 500, 502, 525, 548, 550, 573, 574, 551, 549, 526, 503, 527, 528, 505, 504, 480, 479, 477, 476, 454, 453, 475, 452, 451, 450, 426, 427, 429, 431, 455, 478, 456, 457, 458, 481, 482, 459, 436, 413, 435, 434, 433, 432, 430, 407, 406, 428, 405, 404, 403, 402, 401, 400, 399, 398, 376, 375, 374, 373, 370, 348, 347, 346, 323, 324, 300, 302, 326, 325, 349, 350, 351, 352, 353, 328, 327, 304, 303, 301, 277, 278, 279, 256, 258, 281, 280, 282, 283, 305, 306, 329, 307, 330, 354, 377, 379, 378, 356, 355, 332, 331, 309, 308, 284, 286, 310, 311, 333, 334, 357, 380, 381, 383, 382, 358, 359, 360, 384, 408, 386, 409, 410, 411, 412, 388, 387, 385, 362, 363, 389, 390, 366, 367, 365, 341, 364, 340, 339, 338, 337, 361, 336, 335, 312, 287, 288, 263, 262, 285, 261, 260, 259, 257, 234, 233, 255, 231, 232, 210, 209, 208, 185, 186, 187, 188, 211, 212, 235, 236, 237, 239, 238, 215, 214, 213, 190, 192, 216, 217, 240, 241, 264, 265, 289, 290, 313, 314, 315, 316, 318, 342, 344, 343, 319, 295, 317, 294, 293, 292, 291, 268, 267, 266, 244, 243, 242, 219, 218, 194, 193, 191, 189, 164, 165, 163, 162, 140, 141, 142, 143, 166, 144, 167, 168, 169, 170, 171, 195, 196, 220, 221, 222, 245, 246, 247, 271, 270, 269, 272, 296, 320, 321, 297, 298, 275, 274, 273, 251, 252, 250, 249, 248, 226, 225, 224, 223, 199, 198, 197, 200, 201, 202, 176, 175, 174, 173, 151, 152, 153, 129, 127, 150, 126, 149, 172, 148, 147, 146, 145, 121, 120, 119, 118, 94, 93, 70, 71, 72, 73, 95, 96, 74, 97, 98, 122, 100, 123, 124, 125, 102, 101, 99, 77, 76, 75, 50, 49, 48, 47, 24, 25, 26, 4, 27, 28, 51, 53, 54, 78, 80, 103, 105, 104, 128, 106, 107, 130, 131, 154, 155, 177, 178, 179, 203, 204, 227, 229, 228, 206, 205, 183, 180, 181, 156, 132, 108, 109, 84, 83, 82, 81, 79, 56, 55, 52, 29, 30, 31, 32, 34, 57, 58, 35, 36, 37, 59, 60, 62, 85, 86, 87, 133, 110, 134, 135, 157, 158, 182, 159, 160, 136, 137, 114, 113, 111, 112, 90, 89, 88, 91, 68, 67, 66, 65, 64, 63, 61]"
rat575,65,8695.663369847325,7903.382900194793,2.6976020336151123,3,"[66, 67, 91, 68, 43, 44, 45, 22, 21, 20, 19, 18, 17, 16, 14, 13, 12, 11, 9, 8, 6, 5, 3, 2, 1, 0, 23, 46, 69, 92, 115, 116, 117, 138, 139, 161, 184, 207, 230, 253, 254, 276, 299, 322, 345, 368, 369, 392, 393, 391, 414, 437, 460, 483, 484, 506, 529, 552, 553, 554, 555, 556, 557, 558, 559, 534, 533, 532, 531, 530, 507, 508, 509, 486, 510, 535, 536, 512, 511, 488, 487, 485, 462, 461, 438, 439, 463, 464, 442, 466, 465, 489, 513, 514, 537, 538, 560, 561, 562, 563, 564, 539, 540, 516, 515, 517, 541, 542, 565, 566, 544, 567, 568, 570, 572, 571, 569, 546, 547, 545, 543, 521, 520, 519, 518, 495, 494, 493, 492, 491, 490, 468, 469, 471, 470, 447, 446, 445, 467, 444, 443, 441, 440, 416, 415, 417, 418, 419, 420, 395, 394, 371, 372, 396, 397, 421, 422, 423, 424, 425, 448, 449, 472, 473, 496, 497, 498, 474, 499, 522, 523, 524, 501, 500, 502, 525, 548, 550, 573, 574, 551, 549, 526, 503, 527, 528, 505, 504, 480, 479, 477, 476, 454, 453, 475, 452, 451, 450, 426, 427, 429, 431, 455, 478, 456, 457, 458, 481, 482, 459, 436, 413, 435, 434, 433, 432, 430, 407, 406, 428, 405, 404, 403, 402, 401, 400, 399, 398, 376, 375, 374, 373, 370, 348, 347, 346, 323, 324, 300, 302, 326, 325, 349, 350, 351, 352, 353, 328, 327, 304, 303, 301, 277, 278, 279, 256, 258, 281, 280, 282, 283, 305, 306, 329, 307, 330, 354, 377, 379, 378, 356, 355, 332, 331, 309, 308, 284, 286, 310, 311, 333, 334, 357, 380, 381, 383, 382, 358, 359, 360, 384, 408, 386, 409, 410, 411, 412, 388, 387, 385, 362, 363, 389, 390, 366, 367, 365, 341, 364, 340, 339, 338, 337, 361, 336, 335, 312, 287, 288, 263, 262, 285, 261, 260, 259, 257, 234, 233, 255, 231, 232, 210, 209, 208, 185, 186, 187, 188, 211, 212, 235, 236, 237, 239, 238, 215, 214, 213, 190, 192, 216, 217, 240, 241, 264, 265, 289, 290, 313, 314, 315, 316, 318, 342, 344, 343, 319, 295, 317, 294, 293, 292, 291, 268, 267, 266, 244, 243, 242, 219, 218, 194, 193, 191, 189, 164, 165, 163, 162, 140, 141, 142, 143, 166, 144, 167, 168, 169, 170, 171, 195, 196, 220, 221, 222, 245, 246, 247, 271, 270, 269, 272, 296, 320, 321, 297, 298, 275, 274, 273, 251, 252, 250, 249, 248, 226, 225, 224, 223, 199, 198, 197, 200, 201, 202, 176, 175, 174, 173, 151, 152, 153, 129, 127, 150, 126, 149, 172, 148, 147, 146, 145, 121, 120, 119, 118, 94, 93, 70, 71, 72, 73, 95, 96, 74, 97, 98, 122, 100, 123, 124, 125, 102, 101, 99, 77, 76, 75, 50, 49, 48, 47, 24, 25, 26, 4, 27, 28, 51, 53, 54, 78, 80, 103, 105, 104, 128, 106, 107, 130, 131, 154, 155, 177, 178, 179, 203, 204, 227, 229, 228, 206, 205, 183, 180, 181, 156, 132, 108, 84, 83, 82, 81, 79, 56, 55, 31, 30, 52, 29, 7, 32, 10, 33, 34, 57, 58, 35, 36, 59, 60, 85, 109, 87, 133, 110, 134, 135, 157, 158, 182, 159, 160, 136, 137, 114, 113, 111, 112, 90, 89, 88, 86, 63, 62, 61, 37, 38, 15, 39, 40, 41, 42, 64, 65]"
rat575,67,8696.1225615644,7834.570406894164,2.6796820163726807,3,"[66, 65, 43, 42, 41, 40, 39, 15, 38, 37, 61, 63, 64, 88, 89, 112, 90, 114, 137, 113, 111, 136, 160, 159, 183, 206, 205, 228, 204, 203, 180, 181, 182, 158, 157, 135, 134, 110, 133, 132, 156, 179, 178, 177, 155, 154, 131, 130, 107, 106, 128, 104, 105, 103, 80, 81, 82, 83, 84, 108, 109, 87, 86, 85, 62, 60, 59, 36, 35, 58, 57, 34, 33, 10, 32, 56, 55, 79, 78, 54, 53, 52, 30, 31, 29, 51, 28, 27, 4, 26, 25, 24, 47, 48, 49, 50, 75, 76, 77, 99, 100, 101, 102, 125, 126, 149, 172, 194, 216, 217, 240, 241, 264, 265, 289, 288, 287, 310, 311, 333, 334, 357, 356, 355, 377, 378, 379, 380, 381, 383, 382, 358, 359, 360, 384, 408, 386, 409, 410, 411, 436, 413, 412, 388, 387, 385, 362, 363, 389, 390, 366, 367, 365, 341, 364, 340, 339, 338, 337, 361, 336, 335, 312, 313, 290, 314, 315, 316, 318, 342, 344, 343, 319, 295, 317, 294, 293, 292, 291, 268, 267, 266, 244, 243, 242, 219, 218, 195, 196, 220, 221, 222, 245, 246, 247, 271, 270, 269, 272, 296, 320, 321, 297, 298, 275, 274, 273, 249, 250, 251, 252, 229, 227, 226, 248, 225, 224, 223, 199, 198, 197, 200, 201, 202, 176, 175, 174, 173, 152, 153, 129, 151, 127, 150, 148, 147, 124, 123, 122, 98, 97, 74, 96, 95, 73, 72, 71, 70, 93, 94, 118, 119, 120, 121, 145, 146, 171, 170, 169, 168, 167, 166, 144, 143, 142, 165, 164, 189, 191, 190, 192, 193, 215, 214, 213, 238, 239, 237, 236, 235, 212, 211, 188, 187, 186, 185, 208, 209, 232, 210, 231, 255, 233, 234, 257, 259, 260, 261, 263, 262, 285, 284, 286, 309, 308, 331, 332, 354, 330, 307, 329, 306, 305, 283, 282, 280, 281, 258, 256, 279, 278, 277, 301, 303, 304, 327, 328, 353, 352, 351, 350, 349, 325, 326, 302, 300, 324, 323, 346, 347, 348, 370, 373, 374, 375, 376, 398, 399, 400, 402, 403, 404, 405, 406, 407, 430, 432, 433, 434, 435, 459, 482, 481, 458, 457, 456, 455, 431, 429, 428, 427, 426, 450, 451, 452, 454, 453, 476, 477, 499, 522, 523, 524, 501, 500, 502, 525, 548, 550, 573, 574, 551, 549, 526, 503, 527, 528, 505, 504, 480, 479, 478, 475, 474, 498, 497, 496, 473, 472, 449, 448, 425, 401, 424, 423, 422, 421, 397, 396, 372, 371, 394, 395, 420, 419, 418, 417, 440, 441, 443, 444, 446, 447, 471, 470, 445, 467, 490, 468, 469, 493, 494, 495, 518, 519, 520, 521, 543, 545, 547, 546, 569, 571, 572, 570, 568, 567, 544, 566, 565, 542, 541, 517, 492, 491, 515, 516, 540, 539, 564, 563, 562, 561, 560, 538, 537, 514, 513, 489, 465, 466, 442, 464, 463, 439, 438, 461, 462, 485, 487, 488, 511, 512, 536, 535, 559, 558, 557, 556, 534, 510, 486, 509, 508, 507, 530, 531, 532, 533, 555, 554, 553, 552, 529, 506, 484, 460, 483, 437, 414, 416, 415, 393, 369, 392, 391, 368, 345, 322, 299, 276, 254, 253, 230, 207, 184, 161, 138, 139, 162, 163, 141, 140, 117, 116, 115, 92, 69, 46, 23, 0, 1, 2, 3, 5, 6, 7, 8, 9, 11, 12, 13, 14, 16, 17, 18, 19, 20, 21, 22, 45, 44, 68, 91, 67]"
rat575,75,8693.861521940395,7875.243677684076,2.9380791187286377,3,"[76, 77, 78, 80, 103, 105, 104, 128, 106, 107, 130, 131, 154, 155, 177, 178, 179, 203, 204, 227, 229, 252, 251, 250, 249, 273, 274, 275, 298, 297, 321, 320, 296, 272, 269, 270, 271, 247, 246, 245, 222, 223, 224, 248, 226, 225, 228, 206, 205, 183, 180, 181, 156, 132, 108, 109, 84, 83, 82, 81, 79, 56, 55, 54, 53, 52, 51, 28, 27, 4, 7, 29, 30, 31, 32, 10, 33, 34, 57, 58, 35, 36, 59, 60, 62, 85, 86, 87, 133, 110, 134, 135, 157, 158, 182, 159, 160, 136, 137, 114, 113, 111, 112, 90, 89, 88, 91, 68, 67, 66, 65, 64, 63, 61, 37, 38, 15, 39, 40, 41, 18, 42, 19, 43, 44, 20, 45, 22, 21, 17, 16, 14, 13, 12, 11, 9, 8, 6, 5, 3, 2, 1, 0, 24, 23, 46, 69, 92, 115, 116, 117, 138, 139, 161, 184, 207, 230, 253, 254, 276, 299, 322, 345, 368, 369, 392, 393, 391, 414, 437, 460, 483, 484, 506, 529, 552, 553, 554, 555, 556, 557, 558, 559, 534, 533, 532, 531, 530, 507, 508, 509, 486, 510, 535, 536, 512, 511, 488, 487, 485, 462, 461, 438, 439, 463, 464, 442, 466, 465, 489, 513, 514, 537, 538, 560, 561, 562, 563, 564, 539, 540, 516, 515, 517, 541, 542, 565, 566, 544, 567, 568, 570, 572, 571, 569, 546, 547, 545, 543, 521, 520, 519, 518, 495, 494, 493, 492, 491, 490, 468, 469, 471, 470, 447, 446, 445, 467, 444, 443, 441, 440, 416, 415, 417, 418, 419, 420, 395, 394, 371, 372, 396, 397, 421, 422, 423, 424, 425, 448, 449, 472, 473, 496, 497, 498, 474, 499, 522, 523, 524, 501, 500, 502, 525, 548, 550, 573, 574, 551, 549, 526, 503, 527, 528, 505, 504, 480, 479, 477, 476, 454, 453, 475, 452, 451, 450, 426, 427, 429, 431, 455, 478, 456, 457, 458, 481, 482, 459, 436, 413, 435, 434, 433, 432, 430, 407, 406, 428, 405, 404, 403, 402, 401, 400, 399, 398, 376, 375, 374, 373, 370, 348, 347, 346, 323, 324, 300, 302, 326, 325, 349, 350, 351, 352, 353, 328, 327, 304, 303, 301, 277, 278, 279, 256, 258, 281, 280, 282, 283, 305, 306, 329, 307, 330, 354, 377, 379, 378, 356, 355, 332, 331, 309, 308, 284, 286, 310, 311, 333, 334, 357, 380, 381, 383, 382, 358, 359, 360, 384, 408, 386, 409, 410, 411, 412, 388, 387, 385, 362, 363, 389, 390, 366, 367, 365, 341, 364, 340, 339, 338, 337, 361, 336, 335, 312, 287, 288, 263, 262, 285, 261, 260, 259, 257, 234, 233, 255, 231, 232, 210, 209, 208, 185, 186, 187, 188, 211, 212, 235, 236, 237, 239, 238, 215, 214, 213, 190, 192, 216, 217, 240, 241, 264, 265, 289, 290, 313, 314, 315, 316, 318, 342, 344, 343, 319, 295, 317, 294, 293, 292, 291, 268, 267, 266, 244, 243, 242, 219, 218, 194, 193, 191, 189, 164, 165, 163, 162, 140, 141, 142, 143, 166, 144, 167, 168, 169, 170, 171, 195, 196, 220, 221, 199, 198, 197, 200, 201, 202, 176, 175, 174, 173, 151, 152, 153, 129, 127, 150, 126, 149, 172, 148, 147, 146, 145, 121, 120, 119, 118, 94, 93, 70, 71, 48, 47, 25, 26, 49, 50, 73, 72, 95, 96, 97, 98, 122, 100, 123, 124, 125, 102, 101, 99, 74, 75]"
rat575,85,8598.492155474325,7861.761581067173,3.3828647136688232,3,"[60, 59, 37, 36, 35, 58, 57, 34, 32, 31, 30, 29, 52, 55, 56, 79, 81, 82, 83, 84, 109, 108, 111, 136, 160, 159, 158, 157, 135, 134, 110, 133, 132, 156, 180, 203, 204, 227, 229, 252, 251, 250, 249, 273, 274, 275, 298, 297, 321, 320, 296, 272, 269, 270, 271, 247, 246, 245, 222, 223, 224, 248, 226, 225, 228, 205, 206, 183, 182, 181, 179, 178, 202, 201, 200, 176, 175, 177, 155, 154, 131, 130, 107, 106, 128, 129, 153, 152, 151, 150, 127, 104, 105, 103, 80, 78, 54, 53, 75, 76, 77, 99, 100, 101, 102, 125, 126, 149, 173, 174, 199, 221, 198, 197, 220, 196, 195, 172, 148, 147, 124, 123, 122, 98, 97, 74, 96, 95, 73, 72, 50, 51, 28, 27, 26, 25, 24, 47, 48, 49, 71, 70, 93, 94, 118, 119, 120, 121, 145, 146, 171, 170, 169, 168, 167, 166, 144, 143, 142, 165, 164, 189, 191, 190, 192, 193, 194, 218, 219, 242, 243, 244, 266, 267, 268, 291, 292, 293, 294, 295, 319, 343, 344, 365, 367, 366, 390, 389, 364, 341, 342, 318, 317, 316, 315, 314, 313, 290, 289, 265, 264, 241, 240, 217, 216, 215, 214, 213, 238, 239, 237, 236, 235, 212, 211, 188, 187, 186, 185, 208, 209, 232, 210, 231, 255, 233, 234, 257, 259, 260, 261, 262, 263, 288, 287, 312, 335, 336, 337, 338, 339, 340, 363, 362, 385, 387, 388, 412, 413, 436, 459, 482, 481, 458, 457, 456, 455, 434, 435, 433, 432, 411, 410, 409, 386, 408, 384, 361, 360, 359, 358, 382, 383, 381, 380, 357, 334, 333, 311, 310, 286, 285, 284, 308, 309, 331, 332, 355, 356, 378, 379, 377, 354, 330, 307, 329, 306, 305, 283, 282, 280, 281, 258, 256, 279, 278, 277, 301, 303, 304, 327, 328, 353, 352, 351, 350, 349, 325, 326, 302, 300, 324, 323, 346, 347, 348, 370, 373, 374, 375, 376, 398, 399, 400, 402, 403, 404, 405, 406, 407, 430, 431, 429, 428, 427, 426, 450, 451, 452, 454, 453, 476, 477, 499, 522, 523, 524, 501, 500, 502, 525, 548, 550, 573, 574, 551, 549, 526, 503, 527, 528, 505, 504, 480, 479, 478, 475, 474, 498, 497, 496, 473, 472, 449, 448, 425, 401, 424, 423, 422, 421, 397, 396, 372, 371, 394, 395, 420, 419, 418, 417, 440, 441, 443, 444, 446, 447, 471, 470, 445, 467, 490, 468, 469, 493, 494, 495, 518, 519, 520, 521, 543, 545, 547, 546, 569, 571, 572, 570, 568, 567, 544, 566, 565, 542, 541, 517, 492, 491, 515, 516, 540, 539, 564, 563, 562, 561, 560, 538, 537, 514, 513, 489, 465, 466, 442, 464, 463, 439, 438, 461, 462, 485, 487, 488, 511, 512, 536, 535, 559, 558, 557, 556, 534, 510, 486, 509, 508, 507, 530, 531, 532, 533, 555, 554, 553, 552, 529, 506, 484, 460, 483, 437, 414, 416, 415, 393, 369, 392, 391, 368, 345, 322, 299, 276, 254, 253, 230, 207, 184, 161, 138, 139, 162, 163, 141, 140, 117, 116, 115, 92, 69, 46, 23, 0, 1, 2, 3, 4, 5, 6, 7, 8, 9, 10, 33, 12, 11, 13, 14, 16, 17, 21, 22, 45, 20, 44, 43, 19, 42, 18, 41, 40, 39, 15, 38, 61, 62, 63, 64, 65, 66, 67, 68, 91, 90, 114, 137, 113, 112, 89, 88, 87, 86, 85]"
rat575,121,8677.076746090792,7918.208005636579,3.3439276218414307,3,"[145, 146, 123, 122, 98, 100, 124, 147, 148, 172, 195, 196, 220, 221, 222, 245, 246, 247, 271, 270, 269, 272, 296, 320, 321, 297, 298, 275, 274, 273, 251, 252, 250, 249, 248, 226, 225, 224, 223, 199, 198, 197, 200, 201, 202, 176, 175, 174, 173, 151, 152, 153, 129, 127, 150, 149, 126, 125, 102, 101, 99, 75, 76, 77, 78, 80, 103, 105, 104, 128, 106, 107, 130, 131, 154, 155, 177, 178, 179, 203, 204, 227, 229, 228, 206, 205, 183, 180, 181, 156, 132, 108, 109, 84, 83, 82, 81, 79, 56, 55, 54, 53, 52, 51, 28, 27, 25, 26, 4, 7, 29, 30, 31, 32, 10, 33, 34, 57, 58, 35, 36, 59, 60, 62, 85, 86, 87, 133, 110, 134, 135, 157, 158, 182, 159, 160, 136, 137, 114, 113, 111, 112, 90, 89, 88, 91, 68, 67, 66, 65, 64, 63, 61, 37, 38, 15, 39, 40, 41, 18, 42, 19, 43, 44, 20, 45, 22, 21, 17, 16, 14, 13, 12, 11, 9, 8, 6, 5, 3, 2, 1, 0, 24, 23, 47, 46, 69, 92, 115, 116, 138, 139, 161, 184, 207, 230, 253, 254, 276, 299, 322, 345, 368, 369, 392, 393, 391, 414, 437, 460, 483, 484, 506, 529, 552, 553, 554, 555, 556, 557, 558, 559, 534, 533, 532, 531, 530, 507, 508, 509, 486, 510, 535, 536, 512, 511, 488, 487, 485, 462, 461, 438, 439, 463, 464, 442, 466, 465, 489, 513, 514, 537, 538, 560, 561, 562, 563, 564, 539, 540, 516, 515, 517, 541, 542, 565, 566, 544, 567, 568, 570, 572, 571, 569, 546, 547, 545, 543, 521, 520, 519, 518, 495, 494, 493, 492, 491, 490, 468, 469, 471, 470, 447, 446, 445, 467, 444, 443, 441, 440, 416, 415, 417, 418, 419, 420, 395, 394, 371, 372, 396, 397, 421, 422, 423, 424, 425, 448, 449, 472, 473, 496, 497, 498, 474, 499, 522, 523, 524, 501, 500, 502, 525, 548, 550, 573, 574, 551, 549, 526, 503, 527, 528, 505, 504, 480, 479, 477, 476, 454, 453, 475, 452, 451, 450, 426, 427, 429, 431, 455, 478, 456, 457, 458, 481, 482, 459, 436, 413, 435, 434, 433, 432, 430, 407, 406, 428, 405, 404, 403, 402, 401, 400, 399, 398, 376, 375, 374, 373, 370, 348, 347, 346, 323, 324, 300, 302, 326, 325, 349, 350, 351, 352, 353, 328, 327, 304, 303, 301, 277, 278, 279, 256, 258, 281, 280, 282, 283, 305, 306, 329, 307, 330, 354, 377, 379, 378, 356, 355, 332, 331, 309, 308, 284, 286, 310, 311, 333, 334, 357, 380, 381, 383, 382, 358, 359, 360, 384, 408, 386, 409, 410, 411, 412, 388, 387, 385, 362, 363, 389, 390, 366, 367, 365, 341, 364, 340, 339, 338, 337, 361, 336, 335, 312, 287, 288, 263, 262, 285, 261, 260, 259, 257, 234, 233, 255, 231, 232, 210, 209, 208, 185, 186, 187, 188, 211, 212, 235, 236, 237, 239, 238, 215, 214, 213, 190, 192, 216, 217, 240, 241, 264, 265, 289, 290, 313, 314, 315, 316, 318, 342, 344, 343, 319, 295, 317, 294, 293, 292, 291, 268, 267, 266, 244, 243, 242, 219, 218, 194, 193, 191, 189, 164, 165, 163, 162, 141, 142, 140, 117, 118, 94, 93, 70, 71, 48, 49, 50, 73, 72, 95, 96, 74, 97, 119, 120, 143, 166, 167, 170, 171, 169, 168, 144, 121]"
rat575,130,8621.890066951895,7868.241761672547,2.666188955307007,3,"[106, 128, 129, 127, 104, 105, 103, 80, 81, 59, 37, 36, 35, 58, 57, 34, 32, 30, 31, 55, 56, 79, 78, 54, 53, 52, 51, 28, 27, 26, 25, 24, 47, 48, 49, 50, 75, 76, 77, 99, 100, 101, 102, 125, 126, 149, 172, 194, 216, 217, 240, 241, 264, 265, 289, 288, 287, 310, 311, 333, 334, 357, 356, 355, 377, 378, 379, 380, 381, 383, 382, 358, 359, 360, 384, 408, 386, 409, 410, 411, 436, 413, 412, 388, 387, 385, 362, 363, 389, 390, 366, 367, 365, 341, 364, 340, 339, 338, 337, 361, 336, 335, 312, 313, 290, 314, 315, 316, 318, 342, 344, 343, 319, 295, 317, 294, 293, 292, 291, 268, 267, 266, 244, 243, 242, 219, 218, 195, 196, 220, 221, 222, 245, 246, 247, 271, 270, 269, 272, 296, 320, 321, 297, 298, 275, 274, 273, 251, 252, 250, 249, 248, 226, 225, 224, 223, 199, 198, 197, 173, 174, 175, 176, 200, 201, 202, 178, 177, 153, 152, 151, 150, 148, 147, 124, 123, 122, 98, 97, 74, 96, 95, 73, 72, 71, 70, 93, 94, 118, 119, 120, 121, 145, 146, 171, 170, 169, 168, 167, 166, 144, 143, 142, 165, 164, 189, 191, 190, 192, 193, 215, 214, 213, 238, 239, 237, 236, 235, 212, 211, 188, 187, 186, 185, 208, 209, 232, 210, 231, 255, 233, 234, 257, 259, 260, 261, 263, 262, 285, 284, 286, 309, 308, 331, 332, 354, 330, 307, 329, 306, 305, 283, 282, 280, 281, 258, 256, 279, 278, 277, 301, 303, 304, 327, 328, 353, 352, 351, 350, 349, 325, 326, 302, 300, 324, 323, 346, 347, 348, 370, 373, 374, 375, 376, 398, 399, 400, 402, 403, 404, 405, 406, 407, 430, 432, 433, 434, 435, 459, 482, 481, 458, 457, 456, 455, 431, 429, 428, 427, 426, 450, 451, 452, 454, 453, 476, 477, 499, 522, 523, 524, 501, 500, 502, 525, 548, 550, 573, 574, 551, 549, 526, 503, 527, 528, 505, 504, 480, 479, 478, 475, 474, 498, 497, 496, 473, 472, 449, 448, 425, 401, 424, 423, 422, 421, 397, 396, 372, 371, 394, 395, 420, 419, 418, 417, 440, 441, 443, 444, 446, 447, 471, 470, 445, 467, 490, 468, 469, 493, 494, 495, 518, 519, 520, 521, 543, 545, 547, 546, 569, 571, 572, 570, 568, 567, 544, 566, 565, 542, 541, 517, 492, 491, 515, 516, 540, 539, 564, 563, 562, 561, 560, 538, 537, 514, 513, 489, 465, 466, 442, 464, 463, 439, 438, 461, 462, 485, 487, 488, 511, 512, 536, 535, 559, 558, 557, 556, 534, 510, 486, 509, 508, 507, 530, 531, 532, 533, 555, 554, 553, 552, 529, 506, 484, 460, 483, 437, 414, 416, 415, 393, 369, 392, 391, 368, 345, 322, 299, 276, 254, 253, 230, 207, 184, 161, 138, 139, 162, 163, 141, 140, 117, 116, 115, 92, 69, 46, 23, 0, 1, 2, 3, 4, 5, 6, 29, 7, 8, 9, 10, 33, 12, 11, 13, 14, 16, 17, 21, 22, 45, 20, 44, 43, 19, 42, 18, 41, 40, 39, 15, 38, 61, 63, 64, 65, 66, 68, 91, 67, 88, 89, 112, 90, 114, 137, 113, 111, 136, 160, 159, 183, 206, 205, 228, 229, 227, 204, 203, 180, 181, 182, 158, 157, 135, 134, 110, 133, 87, 86, 85, 62, 60, 82, 83, 84, 109, 108, 107, 131, 132, 156, 179, 155, 154, 130]"
rat575,183,8436.826625695288,7764.948319701056,2.741359233856201,3,"[182, 159, 136, 160, 137, 114, 113, 90, 91, 68, 67, 66, 65, 64, 63, 62, 61, 60, 38, 15, 39, 40, 41, 18, 42, 19, 43, 44, 20, 45, 22, 21, 17, 16, 14, 13, 11, 12, 33, 10, 9, 8, 7, 29, 6, 5, 4, 3, 2, 1, 0, 24, 23, 46, 69, 92, 115, 116, 117, 138, 139, 161, 184, 207, 230, 253, 254, 276, 299, 322, 345, 368, 369, 392, 393, 391, 414, 437, 460, 483, 484, 506, 529, 552, 553, 554, 555, 556, 557, 558, 559, 534, 533, 532, 531, 530, 507, 508, 509, 486, 510, 535, 536, 512, 511, 488, 487, 485, 462, 461, 438, 439, 463, 464, 442, 466, 465, 489, 513, 514, 537, 538, 560, 561, 562, 563, 564, 539, 540, 516, 515, 517, 541, 542, 565, 566, 544, 567, 568, 570, 572, 571, 569, 546, 547, 545, 543, 521, 520, 519, 518, 495, 494, 493, 492, 491, 490, 468, 469, 471, 470, 447, 446, 445, 467, 444, 443, 441, 440, 416, 415, 417, 418, 419, 420, 395, 394, 371, 372, 396, 397, 421, 422, 423, 424, 425, 448, 449, 472, 473, 496, 497, 498, 474, 499, 522, 523, 524, 501, 500, 502, 525, 548, 550, 573, 574, 551, 549, 526, 503, 527, 528, 505, 504, 480, 479, 477, 476, 454, 453, 475, 452, 451, 450, 426, 427, 429, 431, 455, 478, 456, 457, 458, 481, 482, 459, 436, 413, 435, 434, 433, 432, 430, 407, 406, 428, 405, 404, 403, 402, 401, 400, 399, 398, 376, 375, 374, 373, 370, 348, 347, 346, 323, 324, 300, 302, 326, 325, 349, 350, 351, 352, 353, 328, 327, 304, 303, 301, 277, 278, 279, 256, 258, 281, 280, 282, 283, 305, 306, 329, 307, 330, 354, 377, 379, 378, 356, 355, 332, 331, 309, 308, 284, 286, 310, 311, 333, 334, 357, 380, 381, 383, 382, 358, 359, 360, 384, 408, 386, 409, 410, 411, 412, 388, 387, 385, 362, 363, 389, 390, 366, 367, 365, 341, 364, 340, 339, 338, 337, 361, 336, 335, 312, 287, 288, 263, 262, 285, 261, 260, 259, 257, 234, 233, 255, 231, 232, 210, 209, 208, 185, 186, 187, 188, 211, 212, 235, 236, 237, 239, 238, 215, 214, 213, 190, 192, 216, 217, 240, 241, 264, 265, 289, 290, 313, 314, 315, 316, 318, 342, 344, 343, 319, 295, 317, 294, 293, 292, 291, 268, 267, 266, 244, 243, 242, 219, 218, 194, 193, 191, 189, 164, 165, 163, 162, 140, 141, 142, 143, 166, 144, 167, 168, 169, 170, 171, 195, 196, 220, 221, 222, 245, 246, 247, 271, 270, 269, 272, 296, 320, 321, 297, 298, 275, 274, 273, 251, 252, 250, 249, 248, 226, 225, 224, 223, 199, 198, 197, 200, 201, 202, 176, 175, 174, 173, 151, 152, 153, 129, 127, 150, 126, 149, 172, 148, 147, 146, 145, 121, 120, 119, 118, 94, 93, 70, 71, 72, 73, 95, 96, 74, 97, 98, 122, 100, 123, 124, 125, 102, 101, 99, 77, 76, 75, 50, 49, 48, 47, 25, 26, 27, 28, 51, 52, 53, 54, 78, 79, 56, 55, 30, 31, 32, 34, 57, 58, 35, 36, 37, 59, 81, 80, 103, 104, 128, 105, 82, 83, 106, 107, 130, 131, 108, 109, 84, 85, 86, 87, 88, 89, 112, 111, 110, 133, 132, 154, 155, 177, 178, 179, 156, 157, 134, 135, 158, 181, 180, 203, 204, 227, 229, 228, 205, 206, 183]"
rat575,217,8552.294991171904,7847.0528375933145,2.782805919647217,3,"[240, 241, 264, 265, 289, 290, 313, 314, 315, 338, 337, 361, 384, 408, 386, 409, 410, 411, 412, 388, 387, 385, 362, 363, 389, 390, 366, 367, 365, 341, 364, 340, 339, 316, 318, 319, 342, 343, 344, 321, 320, 297, 296, 295, 317, 294, 293, 292, 291, 268, 267, 266, 244, 243, 242, 219, 218, 195, 196, 220, 197, 198, 199, 221, 245, 246, 270, 269, 272, 271, 247, 222, 223, 224, 248, 249, 250, 273, 274, 298, 275, 251, 252, 229, 227, 226, 225, 201, 202, 200, 176, 175, 174, 173, 172, 171, 149, 150, 151, 152, 153, 129, 127, 126, 148, 147, 146, 145, 123, 124, 125, 102, 101, 100, 122, 98, 99, 75, 76, 77, 78, 80, 103, 105, 104, 128, 106, 107, 130, 131, 154, 155, 177, 178, 179, 203, 204, 228, 206, 205, 183, 180, 181, 156, 132, 108, 109, 84, 83, 82, 81, 79, 56, 55, 54, 53, 31, 30, 52, 51, 28, 27, 25, 26, 4, 29, 7, 32, 10, 33, 34, 57, 58, 35, 36, 59, 60, 62, 85, 86, 87, 133, 110, 134, 135, 157, 158, 182, 159, 160, 136, 137, 114, 113, 111, 112, 90, 89, 88, 91, 68, 67, 66, 65, 64, 63, 61, 37, 38, 15, 39, 40, 41, 18, 42, 19, 43, 44, 20, 45, 22, 21, 17, 16, 14, 13, 12, 11, 9, 8, 6, 5, 3, 2, 1, 0, 24, 23, 47, 49, 48, 46, 69, 92, 115, 116, 138, 139, 161, 184, 207, 230, 253, 254, 276, 299, 322, 345, 368, 369, 392, 393, 391, 414, 437, 460, 483, 484, 506, 529, 552, 553, 554, 555, 556, 557, 558, 559, 534, 533, 532, 531, 530, 507, 508, 509, 486, 510, 535, 536, 512, 511, 488, 487, 485, 462, 461, 438, 439, 463, 464, 442, 466, 465, 489, 513, 514, 537, 538, 560, 561, 562, 563, 564, 539, 540, 516, 515, 517, 541, 542, 565, 566, 544, 567, 568, 570, 572, 571, 569, 546, 547, 545, 543, 521, 520, 519, 518, 495, 494, 493, 492, 491, 490, 468, 469, 471, 470, 447, 446, 445, 467, 444, 443, 441, 440, 416, 415, 417, 418, 419, 420, 395, 394, 371, 372, 396, 397, 421, 422, 423, 424, 425, 448, 449, 472, 473, 496, 497, 498, 474, 499, 522, 523, 524, 501, 500, 502, 525, 548, 550, 573, 574, 551, 549, 526, 503, 527, 528, 505, 504, 480, 479, 477, 476, 454, 453, 475, 452, 451, 450, 426, 427, 429, 431, 455, 478, 456, 457, 458, 481, 482, 459, 436, 413, 435, 434, 433, 432, 430, 407, 406, 428, 405, 404, 403, 402, 401, 400, 399, 398, 376, 375, 374, 373, 370, 348, 347, 346, 323, 324, 300, 302, 326, 325, 349, 350, 351, 352, 353, 328, 327, 304, 303, 301, 277, 278, 279, 256, 258, 281, 280, 282, 283, 305, 306, 329, 307, 330, 354, 377, 379, 378, 356, 355, 332, 331, 309, 308, 284, 286, 310, 311, 333, 334, 357, 380, 381, 383, 382, 358, 359, 360, 336, 335, 312, 287, 288, 263, 262, 285, 261, 260, 259, 257, 255, 231, 232, 209, 210, 233, 234, 212, 235, 236, 237, 239, 238, 215, 214, 213, 211, 189, 188, 187, 186, 185, 208, 162, 163, 164, 165, 142, 141, 140, 117, 94, 93, 70, 71, 72, 50, 73, 74, 97, 96, 95, 118, 119, 120, 121, 143, 144, 166, 167, 168, 169, 170, 193, 191, 190, 192, 194, 216, 217]"
rat575,219,8391.045706090847,7748.685374975022,2.7544119358062744,3,"[220, 221, 222, 245, 246, 247, 271, 270, 269, 272, 296, 320, 321, 297, 298, 275, 274, 273, 251, 252, 250, 249, 248, 226, 225, 224, 223, 199, 198, 197, 196, 195, 173, 174, 175, 176, 200, 178, 202, 201, 203, 204, 227, 229, 228, 206, 205, 183, 180, 181, 179, 156, 177, 153, 152, 151, 150, 127, 128, 104, 103, 101, 102, 125, 124, 123, 100, 99, 122, 98, 97, 96, 74, 75, 76, 77, 78, 80, 105, 84, 83, 82, 81, 79, 56, 55, 54, 53, 31, 30, 52, 51, 28, 27, 26, 25, 47, 48, 49, 50, 73, 72, 71, 70, 95, 93, 94, 118, 119, 120, 121, 145, 146, 147, 171, 172, 149, 148, 126, 129, 154, 155, 132, 131, 130, 107, 106, 108, 133, 110, 134, 135, 157, 158, 182, 159, 160, 136, 111, 109, 85, 86, 87, 88, 89, 112, 113, 137, 114, 90, 91, 68, 67, 66, 65, 64, 63, 62, 61, 60, 59, 58, 57, 35, 36, 37, 38, 15, 39, 40, 41, 18, 42, 19, 43, 44, 20, 45, 22, 21, 17, 16, 14, 13, 11, 12, 34, 33, 32, 10, 9, 8, 7, 29, 6, 5, 4, 3, 2, 1, 0, 24, 23, 46, 69, 92, 115, 116, 117, 138, 139, 161, 184, 207, 230, 253, 254, 276, 299, 322, 345, 368, 369, 392, 393, 391, 414, 437, 460, 483, 484, 506, 529, 552, 553, 554, 555, 556, 557, 558, 559, 534, 533, 532, 531, 530, 507, 508, 509, 486, 510, 535, 536, 512, 511, 488, 487, 485, 462, 461, 438, 439, 463, 464, 442, 466, 465, 489, 513, 514, 537, 538, 560, 561, 562, 563, 564, 539, 540, 516, 515, 517, 541, 542, 565, 566, 544, 567, 568, 570, 572, 571, 569, 546, 547, 545, 543, 521, 520, 519, 518, 495, 494, 493, 492, 491, 490, 468, 469, 471, 470, 447, 446, 445, 467, 444, 443, 441, 440, 416, 415, 417, 418, 419, 420, 395, 394, 371, 372, 396, 397, 421, 422, 423, 424, 425, 448, 449, 472, 473, 496, 497, 498, 474, 499, 522, 523, 524, 501, 500, 502, 525, 548, 550, 573, 574, 551, 549, 526, 503, 527, 528, 505, 504, 480, 479, 477, 476, 454, 453, 475, 452, 451, 450, 426, 427, 429, 431, 455, 478, 456, 457, 458, 481, 482, 459, 436, 413, 435, 434, 433, 432, 430, 407, 406, 428, 405, 404, 403, 402, 401, 400, 399, 398, 376, 375, 374, 373, 370, 348, 347, 346, 323, 324, 300, 302, 326, 325, 349, 350, 351, 352, 353, 328, 327, 304, 303, 301, 277, 278, 279, 256, 258, 281, 280, 282, 283, 305, 306, 329, 307, 330, 354, 377, 379, 378, 356, 355, 332, 331, 309, 308, 284, 286, 310, 311, 333, 334, 357, 380, 381, 383, 382, 358, 359, 360, 384, 408, 386, 409, 410, 411, 412, 388, 387, 385, 362, 363, 389, 390, 366, 367, 365, 341, 364, 340, 339, 338, 337, 361, 336, 335, 312, 287, 288, 263, 262, 285, 261, 260, 259, 257, 234, 233, 255, 231, 232, 210, 209, 208, 185, 186, 187, 188, 211, 212, 235, 236, 237, 239, 238, 215, 214, 213, 190, 192, 191, 189, 164, 165, 163, 162, 140, 141, 142, 143, 166, 144, 167, 168, 169, 170, 193, 194, 216, 217, 240, 241, 264, 265, 289, 290, 313, 314, 315, 316, 318, 342, 344, 343, 319, 295, 317, 294, 293, 292, 291, 268, 267, 266, 244, 243, 242, 218, 219]"
rat575,262,8538.396521733546,7863.25417921463,2.7892251014709473,3,"[263, 238, 239, 241, 264, 265, 289, 290, 313, 314, 315, 338, 337, 361, 384, 408, 386, 409, 410, 411, 412, 388, 387, 385, 362, 363, 389, 390, 366, 367, 365, 341, 364, 340, 339, 316, 318, 319, 342, 343, 344, 321, 320, 297, 296, 295, 317, 294, 293, 292, 291, 268, 267, 266, 244, 243, 242, 240, 217, 218, 219, 195, 196, 220, 197, 198, 199, 221, 245, 246, 270, 269, 272, 271, 247, 222, 223, 224, 248, 249, 250, 273, 274, 298, 275, 251, 252, 229, 227, 226, 225, 201, 202, 200, 176, 175, 174, 173, 172, 171, 170, 169, 168, 167, 166, 144, 145, 146, 121, 143, 120, 119, 118, 95, 96, 74, 97, 98, 122, 100, 123, 124, 147, 148, 149, 151, 152, 153, 129, 127, 150, 126, 125, 102, 101, 99, 77, 76, 75, 73, 72, 50, 49, 51, 28, 27, 25, 26, 4, 7, 29, 52, 53, 54, 78, 80, 103, 105, 104, 128, 106, 107, 130, 131, 154, 155, 177, 178, 179, 203, 204, 228, 206, 205, 183, 180, 181, 156, 132, 108, 109, 84, 83, 82, 81, 79, 56, 55, 30, 31, 32, 10, 33, 34, 57, 58, 35, 36, 59, 60, 62, 85, 86, 87, 133, 110, 134, 135, 157, 158, 182, 159, 160, 136, 137, 114, 113, 111, 112, 90, 89, 88, 91, 68, 67, 66, 65, 64, 63, 61, 37, 38, 15, 39, 40, 41, 18, 42, 19, 43, 44, 20, 45, 22, 21, 17, 16, 14, 13, 12, 11, 9, 8, 6, 5, 3, 2, 1, 0, 24, 23, 47, 48, 71, 46, 69, 70, 92, 93, 115, 116, 94, 117, 140, 138, 139, 161, 184, 162, 163, 141, 142, 165, 164, 187, 186, 185, 208, 207, 230, 253, 254, 276, 299, 322, 345, 368, 369, 392, 393, 391, 414, 437, 460, 483, 484, 506, 529, 552, 553, 554, 555, 556, 557, 558, 559, 534, 533, 532, 531, 530, 507, 508, 509, 486, 510, 535, 536, 512, 511, 488, 487, 485, 462, 461, 438, 439, 463, 464, 442, 466, 465, 489, 513, 514, 537, 538, 560, 561, 562, 563, 564, 539, 540, 516, 515, 517, 541, 542, 565, 566, 544, 567, 568, 570, 572, 571, 569, 546, 547, 545, 543, 521, 520, 519, 518, 495, 494, 493, 492, 491, 490, 468, 469, 471, 470, 447, 446, 445, 467, 444, 443, 441, 440, 416, 415, 417, 418, 419, 420, 395, 394, 371, 372, 396, 397, 421, 422, 423, 424, 425, 448, 449, 472, 473, 496, 497, 498, 474, 499, 522, 523, 524, 501, 500, 502, 525, 548, 550, 573, 574, 551, 549, 526, 503, 527, 528, 505, 504, 480, 479, 477, 476, 454, 453, 475, 452, 451, 450, 426, 427, 429, 431, 455, 478, 456, 457, 458, 481, 482, 459, 436, 413, 435, 434, 433, 432, 430, 407, 406, 428, 405, 404, 403, 402, 401, 400, 399, 398, 374, 373, 375, 376, 377, 379, 378, 353, 352, 351, 350, 370, 347, 346, 323, 348, 349, 326, 325, 324, 300, 302, 301, 277, 278, 279, 280, 303, 304, 327, 328, 329, 307, 330, 354, 355, 356, 332, 331, 309, 308, 284, 306, 305, 283, 282, 281, 258, 257, 256, 255, 231, 232, 209, 210, 233, 234, 212, 235, 236, 213, 214, 215, 216, 194, 193, 192, 191, 190, 189, 188, 211, 237, 259, 260, 261, 285, 286, 310, 311, 333, 334, 357, 380, 381, 383, 382, 358, 359, 360, 336, 335, 312, 287, 288, 262]"
rat575,278,8630.062566992785,7898.625731431938,2.7438158988952637,3,"[279, 255, 256, 258, 281, 280, 282, 283, 305, 306, 329, 307, 330, 354, 377, 379, 378, 356, 355, 332, 331, 309, 308, 284, 286, 310, 311, 333, 334, 357, 380, 381, 383, 382, 358, 359, 360, 384, 408, 386, 409, 410, 411, 412, 388, 387, 385, 362, 363, 389, 390, 366, 367, 365, 341, 364, 340, 339, 338, 337, 361, 336, 335, 312, 287, 288, 263, 262, 285, 261, 260, 259, 257, 234, 233, 231, 232, 209, 210, 186, 187, 188, 211, 212, 235, 236, 237, 239, 238, 215, 214, 213, 190, 192, 216, 217, 240, 241, 264, 265, 289, 290, 313, 314, 315, 316, 318, 342, 344, 343, 319, 295, 317, 294, 293, 292, 291, 268, 267, 266, 244, 243, 242, 219, 218, 194, 193, 191, 189, 165, 164, 163, 141, 140, 117, 118, 143, 142, 166, 144, 167, 168, 169, 170, 171, 195, 196, 220, 221, 222, 245, 246, 247, 271, 270, 269, 272, 296, 320, 321, 297, 298, 275, 274, 273, 251, 252, 250, 249, 248, 226, 225, 224, 223, 199, 198, 197, 200, 201, 202, 176, 175, 174, 173, 151, 152, 153, 129, 127, 150, 126, 149, 172, 148, 147, 146, 145, 121, 120, 119, 95, 96, 74, 97, 98, 122, 100, 123, 124, 125, 102, 101, 99, 77, 76, 75, 73, 72, 50, 49, 51, 28, 27, 25, 26, 4, 7, 29, 52, 53, 54, 78, 80, 103, 105, 104, 128, 106, 107, 130, 131, 154, 155, 177, 178, 179, 203, 204, 227, 229, 228, 206, 205, 183, 180, 181, 156, 132, 108, 109, 84, 83, 82, 81, 79, 56, 55, 30, 31, 32, 10, 33, 34, 57, 58, 35, 36, 59, 60, 62, 85, 86, 87, 133, 110, 134, 135, 157, 158, 182, 159, 160, 136, 137, 114, 113, 111, 112, 90, 89, 88, 91, 68, 67, 66, 65, 64, 63, 61, 37, 38, 15, 39, 40, 41, 18, 42, 19, 43, 44, 20, 45, 22, 21, 17, 16, 14, 13, 12, 11, 9, 8, 6, 5, 3, 2, 1, 0, 24, 23, 47, 48, 71, 46, 69, 70, 92, 93, 94, 116, 115, 138, 139, 162, 161, 184, 185, 208, 207, 230, 253, 254, 276, 299, 322, 345, 368, 369, 392, 393, 391, 414, 437, 460, 483, 484, 506, 529, 552, 553, 554, 555, 556, 557, 558, 559, 534, 533, 532, 531, 530, 507, 508, 509, 486, 510, 535, 536, 512, 511, 488, 487, 485, 462, 461, 438, 439, 463, 464, 442, 466, 465, 489, 513, 514, 537, 538, 560, 561, 562, 563, 564, 539, 540, 516, 515, 517, 541, 542, 565, 566, 544, 567, 568, 570, 572, 571, 569, 546, 547, 545, 543, 521, 520, 519, 518, 495, 494, 493, 492, 491, 490, 468, 469, 471, 470, 447, 446, 445, 467, 444, 443, 441, 440, 416, 415, 417, 418, 419, 420, 395, 394, 371, 372, 396, 397, 421, 422, 423, 424, 425, 448, 449, 472, 473, 496, 497, 498, 474, 499, 522, 523, 524, 501, 500, 502, 525, 548, 550, 573, 574, 551, 549, 526, 503, 527, 528, 505, 504, 480, 479, 477, 476, 454, 453, 475, 452, 451, 450, 426, 427, 429, 431, 455, 478, 456, 457, 458, 481, 482, 459, 436, 413, 435, 434, 433, 432, 430, 407, 406, 428, 405, 404, 403, 402, 401, 400, 399, 398, 376, 375, 374, 373, 370, 348, 347, 346, 323, 324, 300, 302, 326, 325, 349, 350, 351, 352, 353, 328, 327, 304, 303, 301, 277, 278]"
rat575,332,8555.915770335647,7874.619455630817,2.771639823913574,3,"[331, 308, 309, 311, 333, 334, 357, 380, 381, 383, 382, 358, 359, 360, 384, 408, 386, 409, 410, 411, 412, 388, 387, 385, 362, 363, 389, 390, 366, 367, 365, 341, 364, 340, 339, 338, 337, 361, 336, 335, 312, 310, 286, 287, 288, 289, 290, 313, 314, 315, 316, 318, 319, 342, 343, 344, 321, 320, 297, 296, 295, 317, 294, 293, 292, 291, 268, 267, 266, 265, 241, 264, 263, 239, 238, 240, 217, 218, 242, 243, 244, 219, 195, 196, 220, 197, 198, 199, 221, 245, 246, 270, 269, 272, 271, 247, 222, 223, 224, 248, 249, 250, 273, 274, 298, 275, 251, 252, 229, 227, 226, 225, 201, 202, 200, 176, 175, 174, 173, 172, 171, 170, 193, 191, 167, 166, 144, 168, 169, 145, 146, 121, 143, 120, 119, 118, 95, 96, 74, 97, 98, 122, 100, 123, 124, 147, 148, 149, 151, 152, 153, 129, 127, 150, 126, 125, 102, 101, 99, 77, 76, 75, 73, 72, 50, 49, 51, 28, 27, 25, 26, 4, 7, 29, 52, 53, 54, 78, 80, 103, 105, 104, 128, 106, 107, 130, 131, 154, 155, 177, 178, 179, 203, 204, 228, 206, 205, 183, 180, 181, 156, 132, 108, 109, 84, 83, 82, 81, 79, 56, 55, 30, 31, 32, 10, 33, 34, 57, 58, 35, 36, 59, 60, 62, 85, 86, 87, 133, 110, 134, 135, 157, 158, 182, 159, 160, 136, 137, 114, 113, 111, 112, 90, 89, 88, 91, 68, 67, 66, 65, 64, 63, 61, 37, 38, 15, 39, 40, 41, 18, 42, 19, 43, 44, 20, 45, 22, 21, 17, 16, 14, 13, 12, 11, 9, 8, 6, 5, 3, 2, 1, 0, 24, 23, 47, 48, 71, 46, 69, 70, 92, 93, 115, 116, 94, 117, 140, 138, 161, 184, 162, 139, 141, 142, 163, 164, 165, 189, 188, 187, 186, 185, 208, 207, 230, 253, 254, 276, 299, 322, 345, 368, 369, 392, 393, 391, 414, 437, 460, 483, 484, 506, 529, 552, 553, 554, 555, 556, 557, 558, 559, 534, 533, 532, 531, 530, 507, 508, 509, 486, 510, 535, 536, 512, 511, 488, 487, 485, 462, 461, 438, 439, 463, 464, 442, 466, 465, 489, 513, 514, 537, 538, 560, 561, 562, 563, 564, 539, 540, 516, 515, 517, 541, 542, 565, 566, 544, 567, 568, 570, 572, 571, 569, 546, 547, 545, 543, 521, 520, 519, 518, 495, 494, 493, 492, 491, 490, 468, 469, 471, 470, 447, 446, 445, 467, 444, 443, 441, 440, 416, 415, 417, 418, 419, 420, 395, 394, 371, 372, 396, 397, 421, 422, 423, 424, 425, 448, 449, 472, 473, 496, 497, 498, 474, 499, 522, 523, 524, 501, 500, 502, 525, 548, 550, 573, 574, 551, 549, 526, 503, 527, 528, 505, 504, 480, 479, 477, 476, 454, 453, 475, 452, 451, 450, 426, 427, 429, 431, 455, 478, 456, 457, 458, 481, 482, 459, 436, 413, 435, 434, 433, 432, 430, 407, 406, 428, 405, 404, 403, 402, 401, 400, 399, 398, 374, 373, 375, 376, 377, 379, 378, 353, 352, 351, 350, 370, 347, 346, 323, 348, 349, 326, 325, 324, 300, 302, 301, 277, 278, 279, 280, 303, 327, 304, 306, 305, 283, 282, 281, 258, 257, 256, 234, 233, 255, 231, 232, 209, 210, 211, 212, 235, 236, 213, 214, 190, 192, 194, 216, 215, 237, 259, 260, 261, 262, 285, 284, 307, 329, 328, 330, 354, 355, 356, 332]"
rat575,341,8342.96928481033,7774.337952648084,2.7662479877471924,3,"[365, 389, 390, 366, 367, 344, 343, 342, 318, 319, 295, 272, 296, 320, 321, 297, 298, 275, 274, 273, 249, 250, 251, 252, 229, 227, 226, 225, 248, 224, 223, 201, 202, 178, 179, 180, 203, 204, 228, 205, 206, 183, 182, 181, 156, 155, 154, 132, 157, 158, 159, 160, 136, 135, 134, 110, 133, 108, 131, 130, 107, 106, 105, 82, 83, 84, 60, 62, 85, 86, 109, 87, 111, 113, 137, 114, 90, 112, 89, 88, 91, 68, 67, 66, 65, 64, 63, 61, 38, 15, 39, 40, 41, 18, 42, 19, 43, 44, 20, 45, 22, 21, 17, 16, 14, 13, 11, 12, 34, 33, 10, 9, 8, 7, 29, 6, 5, 4, 3, 2, 1, 0, 24, 23, 46, 69, 92, 115, 116, 117, 138, 139, 161, 184, 207, 230, 253, 254, 276, 299, 322, 345, 368, 369, 392, 393, 391, 414, 437, 460, 483, 484, 506, 529, 552, 553, 554, 555, 556, 557, 558, 559, 534, 533, 532, 531, 530, 507, 508, 509, 486, 510, 535, 536, 512, 511, 488, 487, 485, 462, 461, 438, 439, 463, 464, 442, 466, 465, 489, 513, 514, 537, 538, 560, 561, 562, 563, 564, 539, 540, 516, 515, 517, 541, 542, 565, 566, 544, 567, 568, 570, 572, 571, 569, 546, 547, 545, 543, 521, 520, 519, 518, 495, 494, 493, 492, 491, 490, 468, 469, 471, 470, 447, 446, 445, 467, 444, 443, 441, 440, 416, 415, 417, 418, 419, 420, 395, 394, 371, 372, 396, 397, 421, 422, 423, 424, 425, 448, 449, 472, 473, 496, 497, 498, 474, 499, 522, 523, 524, 501, 500, 502, 525, 548, 550, 573, 574, 551, 549, 526, 503, 527, 528, 505, 504, 480, 479, 477, 476, 454, 453, 475, 452, 451, 450, 426, 427, 429, 431, 455, 478, 456, 457, 458, 481, 482, 459, 435, 434, 433, 432, 430, 407, 406, 428, 405, 404, 403, 402, 401, 400, 399, 398, 376, 375, 374, 373, 370, 348, 347, 346, 323, 324, 300, 302, 326, 325, 349, 350, 351, 352, 353, 328, 327, 304, 303, 301, 277, 278, 279, 256, 258, 281, 280, 282, 283, 305, 306, 329, 307, 330, 354, 377, 379, 378, 356, 355, 332, 331, 309, 308, 284, 286, 310, 311, 333, 334, 357, 380, 381, 383, 382, 358, 359, 360, 384, 408, 386, 409, 410, 411, 436, 413, 412, 388, 387, 385, 362, 361, 338, 337, 336, 335, 312, 287, 288, 263, 262, 285, 261, 260, 259, 257, 234, 233, 255, 231, 232, 210, 209, 208, 185, 186, 187, 188, 211, 212, 235, 236, 237, 239, 238, 215, 214, 213, 190, 192, 216, 217, 240, 241, 264, 265, 289, 313, 315, 314, 290, 291, 268, 267, 266, 244, 243, 242, 219, 218, 194, 193, 191, 189, 164, 165, 163, 162, 140, 141, 142, 143, 166, 144, 167, 168, 169, 170, 171, 147, 146, 145, 121, 120, 119, 118, 94, 93, 70, 71, 72, 73, 95, 96, 74, 97, 98, 122, 123, 100, 99, 77, 76, 75, 50, 49, 48, 47, 25, 26, 27, 28, 51, 52, 53, 54, 78, 79, 55, 30, 31, 32, 56, 57, 58, 35, 36, 37, 59, 81, 80, 103, 101, 102, 124, 125, 104, 128, 126, 148, 149, 172, 150, 127, 129, 151, 152, 153, 177, 200, 176, 175, 174, 173, 195, 196, 220, 197, 198, 199, 221, 222, 245, 246, 247, 271, 270, 269, 292, 293, 294, 317, 316, 339, 340, 363, 364, 341]"
rat575,371,8578.078284292833,7844.72713621202,2.71081280708313,3,"[372, 396, 397, 421, 422, 423, 424, 425, 448, 449, 472, 473, 496, 497, 498, 474, 499, 522, 523, 524, 501, 500, 502, 525, 548, 550, 573, 574, 551, 549, 526, 503, 527, 528, 505, 504, 480, 479, 477, 476, 454, 453, 475, 452, 451, 450, 426, 427, 429, 431, 455, 478, 456, 457, 458, 481, 482, 459, 436, 413, 435, 434, 433, 432, 430, 407, 406, 428, 405, 404, 403, 402, 401, 400, 399, 398, 376, 375, 374, 373, 370, 348, 325, 326, 349, 350, 351, 352, 353, 328, 327, 304, 280, 303, 302, 278, 279, 256, 281, 258, 257, 259, 282, 283, 305, 306, 329, 307, 330, 354, 377, 379, 378, 356, 355, 332, 331, 309, 308, 284, 260, 285, 286, 310, 311, 333, 334, 357, 380, 381, 383, 382, 358, 359, 360, 384, 408, 386, 409, 410, 411, 412, 388, 387, 385, 362, 363, 389, 390, 366, 367, 365, 341, 364, 340, 339, 338, 337, 361, 336, 335, 312, 287, 288, 263, 262, 261, 239, 238, 237, 236, 234, 233, 210, 209, 186, 187, 188, 211, 212, 235, 213, 214, 215, 217, 240, 241, 264, 265, 289, 290, 313, 314, 315, 316, 318, 342, 344, 343, 319, 295, 317, 294, 293, 292, 291, 268, 267, 266, 244, 243, 242, 219, 218, 194, 216, 193, 192, 191, 190, 189, 165, 164, 163, 141, 140, 117, 118, 143, 142, 166, 144, 167, 168, 169, 170, 171, 195, 196, 220, 221, 222, 245, 246, 247, 271, 270, 269, 272, 296, 320, 321, 297, 298, 275, 274, 273, 251, 252, 250, 249, 248, 226, 225, 224, 223, 199, 198, 197, 200, 201, 202, 176, 175, 174, 173, 151, 152, 153, 129, 127, 150, 126, 149, 172, 148, 147, 146, 145, 121, 120, 119, 95, 96, 74, 97, 98, 122, 100, 123, 124, 125, 102, 101, 99, 77, 76, 75, 73, 72, 50, 49, 51, 28, 27, 25, 26, 4, 7, 29, 52, 53, 54, 78, 80, 103, 105, 104, 128, 106, 107, 130, 131, 154, 155, 177, 178, 179, 203, 204, 227, 229, 228, 206, 205, 183, 180, 181, 156, 132, 108, 109, 84, 83, 82, 81, 79, 56, 55, 30, 31, 32, 10, 33, 34, 57, 58, 35, 36, 59, 60, 62, 85, 86, 87, 133, 110, 134, 135, 157, 158, 182, 159, 160, 136, 137, 114, 113, 111, 112, 90, 89, 88, 91, 68, 67, 66, 65, 64, 63, 61, 37, 38, 15, 39, 40, 41, 18, 42, 19, 43, 44, 20, 45, 22, 21, 17, 16, 14, 13, 12, 11, 9, 8, 6, 5, 3, 2, 1, 0, 24, 23, 47, 48, 71, 46, 69, 70, 92, 93, 94, 116, 115, 138, 139, 162, 161, 184, 185, 208, 207, 232, 231, 230, 253, 255, 254, 276, 277, 301, 300, 299, 324, 323, 322, 345, 346, 347, 369, 368, 392, 393, 391, 414, 437, 460, 483, 484, 506, 529, 552, 553, 554, 555, 556, 557, 558, 559, 534, 533, 532, 531, 530, 507, 508, 509, 486, 510, 535, 536, 512, 511, 488, 487, 485, 462, 461, 438, 439, 463, 464, 442, 466, 465, 489, 513, 514, 537, 538, 560, 561, 562, 563, 564, 539, 540, 516, 515, 517, 541, 542, 565, 566, 544, 567, 568, 570, 572, 571, 569, 546, 547, 545, 543, 521, 520, 519, 518, 495, 494, 493, 492, 491, 490, 468, 469, 471, 470, 447, 446, 445, 467, 444, 443, 441, 440, 416, 415, 417, 418, 419, 420, 395, 394, 371]"
rat575,377,8473.295283060006,7834.454847721278,2.786332845687866,3,"[379, 378, 356, 355, 332, 331, 308, 309, 311, 333, 334, 357, 380, 381, 383, 382, 358, 359, 360, 384, 408, 386, 409, 410, 411, 412, 388, 387, 385, 362, 363, 389, 390, 366, 367, 365, 341, 364, 340, 339, 338, 337, 361, 336, 335, 312, 310, 287, 288, 286, 285, 262, 263, 264, 265, 289, 290, 313, 314, 315, 316, 318, 319, 342, 343, 344, 321, 320, 297, 296, 295, 317, 294, 293, 292, 291, 268, 267, 266, 244, 243, 241, 239, 238, 240, 217, 218, 242, 219, 196, 220, 197, 198, 199, 221, 245, 246, 270, 269, 272, 271, 247, 222, 223, 224, 248, 249, 250, 273, 274, 298, 275, 251, 252, 229, 227, 226, 225, 201, 202, 200, 176, 175, 174, 173, 195, 194, 216, 193, 170, 171, 169, 168, 167, 166, 144, 143, 145, 146, 121, 120, 119, 118, 95, 96, 74, 97, 98, 122, 100, 123, 124, 147, 148, 172, 149, 151, 152, 153, 129, 127, 150, 126, 125, 102, 101, 99, 77, 76, 75, 73, 72, 50, 49, 51, 28, 27, 25, 26, 4, 7, 29, 52, 53, 54, 78, 80, 103, 105, 104, 128, 106, 107, 130, 131, 154, 155, 177, 178, 179, 203, 204, 228, 206, 205, 183, 180, 181, 156, 132, 108, 109, 84, 83, 82, 81, 79, 56, 55, 30, 31, 32, 10, 33, 34, 57, 58, 35, 36, 59, 60, 62, 85, 86, 87, 133, 110, 134, 135, 157, 158, 182, 159, 160, 136, 137, 114, 113, 111, 112, 90, 89, 88, 91, 68, 67, 66, 65, 64, 63, 61, 37, 38, 15, 39, 40, 41, 18, 42, 19, 43, 44, 20, 45, 22, 21, 17, 16, 14, 13, 12, 11, 9, 8, 6, 5, 3, 2, 1, 0, 24, 23, 47, 48, 71, 46, 69, 70, 92, 93, 115, 116, 94, 117, 140, 138, 161, 184, 162, 139, 141, 142, 163, 164, 165, 189, 191, 192, 190, 211, 188, 187, 186, 185, 208, 207, 230, 253, 276, 254, 255, 231, 232, 209, 210, 233, 234, 212, 235, 236, 213, 214, 215, 237, 261, 260, 259, 257, 258, 281, 256, 279, 278, 277, 299, 322, 345, 368, 369, 392, 393, 391, 414, 437, 460, 483, 484, 506, 529, 552, 553, 554, 555, 556, 557, 558, 559, 534, 533, 532, 531, 530, 507, 508, 509, 486, 510, 535, 536, 512, 511, 488, 487, 485, 462, 461, 438, 439, 463, 464, 442, 466, 465, 489, 513, 514, 537, 538, 560, 561, 562, 563, 564, 539, 540, 516, 515, 517, 541, 542, 565, 566, 544, 567, 568, 570, 572, 571, 569, 546, 547, 545, 543, 521, 520, 519, 518, 495, 494, 493, 492, 491, 490, 468, 469, 471, 470, 447, 446, 445, 467, 444, 443, 441, 440, 416, 415, 417, 418, 419, 420, 395, 394, 371, 372, 396, 397, 421, 422, 423, 424, 425, 448, 449, 472, 473, 496, 497, 498, 474, 499, 522, 523, 524, 501, 500, 502, 525, 548, 550, 573, 574, 551, 549, 526, 503, 527, 528, 505, 504, 480, 479, 477, 476, 454, 453, 475, 452, 451, 450, 426, 427, 429, 431, 455, 478, 456, 457, 458, 481, 482, 459, 436, 413, 435, 434, 433, 432, 430, 407, 406, 428, 405, 404, 403, 402, 401, 400, 399, 398, 376, 375, 374, 373, 351, 352, 350, 370, 347, 346, 323, 348, 349, 326, 325, 324, 300, 301, 302, 303, 280, 282, 305, 283, 284, 306, 304, 327, 328, 329, 307, 330, 354, 353, 377]"
rat575,386,8383.487599140943,7756.380104218556,2.7619469165802,3,"[409, 410, 411, 412, 388, 387, 385, 362, 363, 340, 364, 341, 365, 389, 390, 366, 367, 344, 343, 342, 319, 318, 316, 315, 293, 294, 317, 295, 296, 320, 321, 297, 272, 273, 274, 298, 275, 251, 250, 249, 271, 270, 246, 247, 248, 224, 225, 226, 227, 252, 229, 228, 206, 183, 205, 204, 203, 180, 181, 202, 201, 178, 179, 156, 155, 177, 153, 152, 151, 129, 150, 127, 128, 104, 105, 106, 107, 130, 131, 154, 132, 108, 109, 84, 83, 82, 60, 62, 85, 86, 87, 133, 110, 134, 135, 157, 158, 182, 159, 160, 136, 137, 114, 113, 111, 112, 90, 89, 88, 91, 68, 67, 66, 65, 64, 63, 61, 38, 15, 39, 40, 41, 18, 42, 19, 43, 44, 20, 45, 22, 21, 17, 16, 14, 13, 11, 12, 34, 33, 10, 9, 8, 7, 29, 6, 5, 4, 3, 2, 1, 0, 24, 23, 46, 69, 92, 115, 116, 117, 138, 139, 161, 184, 207, 230, 253, 254, 276, 299, 322, 345, 368, 369, 392, 393, 391, 414, 437, 460, 483, 484, 506, 529, 552, 553, 554, 555, 556, 557, 558, 559, 534, 533, 532, 531, 530, 507, 508, 509, 486, 510, 535, 536, 512, 511, 488, 487, 485, 462, 461, 438, 439, 463, 464, 442, 466, 465, 489, 513, 514, 537, 538, 560, 561, 562, 563, 564, 539, 540, 516, 515, 517, 541, 542, 565, 566, 544, 567, 568, 570, 572, 571, 569, 546, 547, 545, 543, 521, 520, 519, 518, 495, 494, 493, 492, 491, 490, 468, 469, 471, 470, 447, 446, 445, 467, 444, 443, 441, 440, 416, 415, 417, 418, 419, 420, 395, 394, 371, 372, 396, 397, 421, 422, 423, 424, 425, 448, 449, 472, 473, 496, 497, 498, 474, 499, 522, 523, 524, 501, 500, 502, 525, 548, 550, 573, 574, 551, 549, 526, 503, 527, 528, 505, 504, 480, 479, 477, 476, 454, 453, 475, 452, 451, 450, 426, 427, 429, 431, 455, 478, 456, 457, 458, 481, 482, 459, 436, 413, 435, 434, 433, 432, 430, 407, 406, 428, 405, 404, 403, 402, 401, 400, 399, 398, 376, 375, 374, 373, 370, 348, 347, 346, 323, 324, 300, 302, 326, 325, 349, 350, 351, 352, 353, 328, 327, 304, 303, 301, 277, 278, 279, 256, 258, 281, 280, 282, 283, 305, 306, 329, 307, 330, 354, 355, 356, 357, 358, 359, 382, 383, 381, 380, 379, 378, 377, 332, 331, 309, 308, 284, 286, 310, 311, 287, 289, 288, 263, 262, 285, 261, 260, 259, 257, 234, 233, 255, 231, 232, 210, 209, 208, 185, 186, 187, 188, 211, 212, 235, 236, 237, 239, 238, 215, 214, 213, 190, 192, 216, 217, 240, 241, 264, 265, 266, 243, 242, 219, 218, 220, 196, 195, 194, 193, 191, 189, 164, 165, 163, 162, 140, 141, 142, 143, 166, 144, 167, 168, 169, 170, 171, 147, 146, 145, 121, 120, 119, 118, 94, 93, 70, 71, 72, 73, 95, 96, 74, 97, 98, 122, 123, 100, 99, 77, 76, 75, 50, 49, 48, 47, 25, 26, 27, 28, 51, 52, 53, 54, 78, 79, 55, 30, 31, 32, 56, 57, 58, 35, 36, 37, 59, 81, 80, 103, 101, 102, 125, 124, 126, 148, 149, 172, 173, 174, 175, 176, 200, 223, 199, 198, 197, 221, 222, 245, 244, 267, 268, 269, 291, 292, 314, 290, 313, 312, 333, 334, 335, 336, 337, 338, 339, 361, 360, 384, 408, 386]"
rat575,405,8410.04878546543,7807.023290798549,2.773716926574707,3,"[406, 429, 430, 431, 455, 478, 456, 434, 459, 435, 433, 432, 407, 383, 382, 384, 360, 359, 336, 335, 312, 337, 361, 362, 385, 408, 386, 409, 387, 410, 411, 388, 412, 413, 436, 390, 389, 366, 367, 365, 364, 363, 341, 340, 339, 338, 316, 315, 314, 313, 290, 291, 292, 293, 294, 317, 318, 342, 344, 343, 319, 321, 320, 297, 296, 295, 272, 270, 269, 268, 267, 289, 265, 264, 241, 266, 244, 243, 242, 219, 220, 197, 198, 199, 221, 245, 246, 247, 222, 223, 224, 248, 271, 249, 250, 273, 274, 298, 275, 251, 252, 229, 227, 226, 225, 201, 202, 200, 176, 175, 174, 173, 172, 171, 147, 148, 149, 126, 127, 150, 151, 152, 153, 129, 128, 104, 103, 101, 102, 125, 124, 100, 99, 98, 122, 123, 146, 145, 121, 143, 120, 119, 118, 95, 96, 97, 74, 75, 76, 77, 78, 80, 105, 106, 107, 130, 131, 154, 155, 177, 178, 179, 203, 204, 228, 206, 205, 183, 180, 181, 156, 132, 108, 109, 84, 83, 82, 81, 79, 56, 55, 54, 53, 31, 30, 52, 51, 28, 27, 25, 26, 4, 29, 7, 32, 10, 33, 34, 57, 58, 35, 36, 59, 60, 62, 85, 86, 87, 133, 110, 134, 135, 157, 158, 182, 159, 160, 136, 137, 114, 113, 111, 112, 90, 89, 88, 91, 68, 67, 66, 65, 64, 63, 61, 37, 38, 15, 39, 40, 41, 18, 42, 19, 43, 44, 20, 45, 22, 21, 17, 16, 14, 13, 12, 11, 9, 8, 6, 5, 3, 2, 1, 0, 24, 23, 47, 49, 50, 73, 72, 71, 48, 46, 69, 70, 92, 93, 115, 116, 94, 117, 140, 138, 139, 161, 184, 207, 230, 253, 254, 276, 299, 322, 345, 368, 369, 392, 393, 391, 414, 437, 460, 483, 484, 506, 529, 552, 553, 554, 555, 556, 557, 558, 559, 534, 533, 532, 531, 530, 507, 508, 509, 486, 510, 535, 536, 512, 511, 488, 487, 485, 462, 461, 438, 439, 463, 464, 442, 466, 465, 489, 513, 514, 537, 538, 560, 561, 562, 563, 564, 539, 540, 516, 515, 517, 541, 542, 565, 566, 544, 567, 568, 570, 572, 571, 569, 546, 547, 545, 543, 521, 520, 519, 518, 495, 494, 493, 492, 491, 490, 468, 469, 471, 470, 447, 446, 445, 467, 444, 443, 441, 440, 416, 415, 417, 418, 419, 420, 395, 394, 371, 372, 396, 397, 421, 422, 423, 424, 425, 448, 449, 472, 473, 496, 497, 498, 474, 499, 522, 523, 524, 501, 500, 502, 525, 548, 550, 573, 574, 551, 549, 526, 503, 527, 528, 505, 504, 482, 481, 458, 457, 480, 479, 477, 476, 454, 453, 475, 452, 451, 450, 426, 427, 428, 404, 403, 402, 401, 400, 399, 398, 376, 375, 374, 373, 370, 348, 347, 346, 323, 324, 300, 302, 326, 325, 349, 350, 351, 352, 328, 327, 304, 303, 301, 277, 278, 279, 280, 281, 259, 258, 257, 256, 255, 231, 232, 209, 210, 233, 234, 212, 235, 236, 237, 215, 214, 213, 211, 189, 188, 187, 186, 185, 208, 162, 163, 164, 165, 141, 142, 166, 144, 167, 168, 169, 170, 193, 191, 190, 192, 216, 194, 195, 196, 218, 217, 240, 238, 239, 263, 262, 285, 261, 260, 282, 283, 305, 306, 329, 330, 331, 307, 284, 308, 309, 286, 288, 287, 310, 311, 334, 333, 332, 354, 353, 377, 379, 378, 355, 356, 357, 358, 380, 381, 405]"
rat575,423,8356.957653345073,7817.66082822172,2.813047170639038,3,"[424, 401, 425, 448, 449, 472, 473, 496, 497, 498, 474, 499, 522, 523, 524, 501, 500, 502, 525, 548, 550, 573, 574, 551, 549, 526, 503, 527, 528, 505, 504, 480, 479, 477, 476, 454, 453, 475, 452, 451, 450, 426, 427, 429, 431, 455, 478, 456, 457, 458, 481, 482, 459, 436, 413, 435, 434, 433, 432, 430, 407, 406, 428, 405, 404, 403, 402, 400, 399, 376, 375, 377, 379, 378, 353, 352, 351, 328, 329, 330, 354, 355, 356, 332, 331, 307, 306, 284, 308, 309, 311, 333, 334, 357, 380, 381, 383, 382, 358, 359, 360, 384, 408, 386, 409, 410, 411, 412, 388, 387, 385, 362, 363, 389, 390, 366, 367, 365, 341, 364, 340, 339, 338, 337, 361, 336, 335, 312, 310, 287, 288, 286, 285, 262, 263, 264, 265, 289, 290, 313, 314, 315, 316, 318, 319, 342, 343, 344, 321, 320, 297, 296, 295, 317, 294, 293, 292, 291, 268, 267, 266, 241, 239, 238, 240, 217, 218, 219, 242, 243, 244, 245, 246, 270, 269, 272, 271, 247, 222, 221, 220, 197, 198, 199, 223, 224, 248, 249, 250, 273, 274, 298, 275, 251, 252, 229, 227, 226, 225, 201, 202, 200, 176, 175, 174, 173, 196, 195, 194, 216, 193, 170, 171, 169, 168, 167, 166, 144, 143, 145, 146, 121, 120, 119, 118, 95, 96, 74, 97, 98, 122, 100, 123, 124, 147, 148, 172, 149, 151, 152, 153, 129, 127, 150, 126, 125, 102, 101, 99, 77, 76, 75, 73, 72, 50, 49, 51, 28, 27, 25, 26, 4, 7, 29, 52, 53, 54, 78, 80, 103, 105, 104, 128, 106, 107, 130, 131, 154, 155, 177, 178, 179, 203, 204, 228, 206, 205, 183, 180, 181, 156, 132, 108, 109, 84, 83, 82, 81, 79, 56, 55, 30, 31, 32, 10, 33, 34, 57, 58, 35, 36, 59, 60, 62, 85, 86, 87, 133, 110, 134, 135, 157, 158, 182, 159, 160, 136, 137, 114, 113, 111, 112, 90, 89, 88, 91, 68, 67, 66, 65, 64, 63, 61, 37, 38, 15, 39, 40, 41, 18, 42, 19, 43, 44, 20, 45, 22, 21, 17, 16, 14, 13, 12, 11, 9, 8, 6, 5, 3, 2, 1, 0, 24, 23, 47, 48, 71, 46, 69, 70, 92, 93, 115, 116, 94, 117, 140, 142, 141, 138, 139, 161, 184, 162, 163, 164, 165, 189, 191, 192, 190, 211, 188, 187, 186, 185, 208, 207, 230, 253, 276, 254, 255, 231, 232, 209, 210, 233, 234, 212, 235, 236, 213, 214, 215, 237, 261, 260, 259, 257, 258, 281, 256, 279, 278, 277, 299, 322, 345, 368, 391, 414, 437, 460, 483, 484, 506, 529, 552, 553, 554, 555, 556, 557, 558, 559, 534, 533, 532, 531, 530, 507, 508, 509, 486, 510, 535, 536, 512, 511, 488, 487, 485, 462, 461, 438, 439, 463, 464, 442, 466, 465, 489, 513, 514, 537, 538, 560, 561, 562, 563, 564, 539, 540, 516, 515, 517, 541, 542, 565, 566, 544, 567, 568, 570, 572, 571, 569, 546, 547, 545, 543, 521, 520, 519, 518, 495, 494, 493, 492, 491, 490, 468, 469, 471, 470, 447, 446, 445, 467, 444, 443, 441, 440, 416, 415, 417, 418, 393, 392, 369, 370, 347, 346, 323, 324, 300, 301, 302, 303, 280, 282, 283, 305, 304, 327, 326, 325, 348, 349, 350, 373, 372, 371, 394, 395, 419, 420, 396, 374, 397, 398, 421, 422, 423]"
rat575,426,8422.93873236115,7856.412579357279,2.7390780448913574,3,"[427, 428, 429, 431, 455, 478, 456, 434, 459, 435, 433, 432, 430, 407, 406, 405, 404, 403, 381, 383, 382, 384, 362, 385, 408, 386, 409, 387, 410, 411, 388, 412, 413, 436, 390, 389, 366, 367, 365, 364, 363, 341, 340, 339, 338, 337, 361, 360, 359, 358, 380, 379, 378, 355, 356, 357, 333, 334, 336, 335, 312, 311, 310, 309, 308, 286, 287, 288, 290, 313, 314, 315, 316, 318, 319, 342, 343, 344, 321, 320, 297, 296, 295, 317, 294, 293, 292, 291, 289, 265, 264, 241, 266, 267, 268, 244, 243, 242, 219, 218, 220, 197, 198, 199, 221, 245, 246, 270, 269, 272, 271, 247, 222, 223, 224, 248, 249, 250, 273, 274, 298, 275, 251, 252, 229, 227, 226, 225, 201, 202, 200, 176, 175, 174, 173, 196, 195, 171, 170, 169, 168, 167, 166, 144, 145, 146, 121, 143, 120, 119, 118, 95, 96, 74, 97, 98, 122, 100, 123, 124, 147, 148, 172, 149, 151, 152, 153, 129, 127, 150, 126, 125, 102, 101, 99, 77, 76, 75, 73, 72, 50, 49, 51, 28, 27, 25, 26, 4, 7, 29, 52, 53, 54, 78, 80, 103, 105, 104, 128, 106, 107, 130, 131, 154, 155, 177, 178, 179, 203, 204, 228, 206, 205, 183, 180, 181, 156, 132, 108, 109, 84, 83, 82, 81, 79, 56, 55, 30, 31, 32, 10, 33, 34, 57, 58, 35, 36, 59, 60, 62, 85, 86, 87, 133, 110, 134, 135, 157, 158, 182, 159, 160, 136, 137, 114, 113, 111, 112, 90, 89, 88, 91, 68, 67, 66, 65, 64, 63, 61, 37, 38, 15, 39, 40, 41, 18, 42, 19, 43, 44, 20, 45, 22, 21, 17, 16, 14, 13, 12, 11, 9, 8, 6, 5, 3, 2, 1, 0, 24, 23, 47, 48, 71, 46, 69, 70, 92, 93, 115, 116, 94, 117, 140, 138, 161, 184, 162, 139, 141, 142, 163, 164, 165, 189, 191, 193, 194, 216, 192, 190, 211, 188, 187, 186, 185, 208, 207, 230, 253, 254, 276, 299, 322, 345, 368, 369, 392, 393, 391, 414, 437, 460, 483, 484, 506, 529, 552, 553, 554, 555, 556, 557, 558, 559, 534, 533, 532, 531, 530, 507, 508, 509, 486, 510, 535, 536, 512, 511, 488, 487, 485, 462, 461, 438, 439, 463, 464, 442, 466, 465, 489, 513, 514, 537, 538, 560, 561, 562, 563, 564, 539, 540, 516, 515, 517, 541, 542, 565, 566, 544, 567, 568, 570, 572, 571, 569, 546, 547, 545, 543, 521, 520, 519, 518, 495, 494, 493, 492, 491, 490, 468, 469, 471, 470, 447, 446, 445, 467, 444, 443, 441, 440, 416, 415, 417, 418, 419, 420, 395, 394, 371, 372, 396, 397, 374, 375, 352, 351, 373, 350, 370, 347, 346, 323, 348, 349, 326, 325, 324, 300, 302, 303, 301, 277, 278, 279, 280, 281, 259, 258, 257, 256, 255, 231, 232, 209, 210, 233, 234, 212, 235, 236, 237, 213, 214, 215, 217, 240, 238, 239, 263, 262, 285, 261, 260, 282, 305, 283, 284, 306, 304, 327, 328, 329, 307, 330, 331, 332, 354, 353, 377, 376, 398, 421, 422, 423, 399, 400, 402, 401, 424, 425, 448, 449, 472, 473, 496, 497, 498, 474, 499, 522, 523, 524, 501, 500, 502, 525, 548, 550, 573, 574, 551, 549, 526, 503, 527, 528, 505, 504, 482, 481, 458, 457, 480, 479, 477, 476, 454, 453, 475, 452, 451, 450, 426]"
rat575,435,8304.20404520873,7732.640859020765,2.7467169761657715,3,"[436, 413, 390, 412, 388, 389, 366, 367, 365, 364, 341, 342, 318, 319, 343, 344, 321, 320, 297, 296, 295, 317, 294, 272, 273, 274, 298, 275, 250, 251, 252, 229, 227, 226, 225, 248, 224, 223, 201, 202, 178, 179, 180, 203, 204, 228, 205, 206, 183, 182, 181, 156, 155, 154, 132, 157, 158, 159, 160, 136, 135, 134, 110, 133, 108, 131, 130, 107, 106, 105, 82, 83, 84, 60, 62, 85, 86, 109, 87, 111, 113, 137, 114, 90, 112, 89, 88, 91, 68, 67, 66, 65, 64, 63, 61, 38, 15, 39, 40, 41, 18, 42, 19, 43, 44, 20, 45, 22, 21, 17, 16, 14, 13, 11, 12, 34, 33, 10, 9, 8, 7, 29, 6, 5, 4, 3, 2, 1, 0, 24, 23, 46, 69, 92, 115, 116, 117, 138, 139, 161, 184, 207, 230, 253, 254, 276, 299, 322, 345, 368, 369, 392, 393, 391, 414, 437, 460, 483, 484, 506, 529, 552, 553, 554, 555, 556, 557, 558, 559, 534, 533, 532, 531, 530, 507, 508, 509, 486, 510, 535, 536, 512, 511, 488, 487, 485, 462, 461, 438, 439, 463, 464, 442, 466, 465, 489, 513, 514, 537, 538, 560, 561, 562, 563, 564, 539, 540, 516, 515, 517, 541, 542, 565, 566, 544, 567, 568, 570, 572, 571, 569, 546, 547, 545, 543, 521, 520, 519, 518, 495, 494, 493, 492, 491, 490, 468, 469, 471, 470, 447, 446, 445, 467, 444, 443, 441, 440, 416, 415, 417, 418, 419, 420, 395, 394, 371, 372, 396, 397, 421, 422, 423, 424, 425, 448, 449, 472, 473, 496, 497, 498, 474, 499, 522, 523, 524, 501, 500, 502, 525, 548, 550, 573, 574, 551, 549, 526, 503, 527, 528, 505, 504, 480, 479, 477, 476, 454, 453, 475, 452, 451, 450, 426, 427, 429, 431, 455, 478, 456, 457, 458, 481, 482, 459, 434, 433, 432, 430, 407, 406, 428, 405, 404, 403, 402, 401, 400, 399, 398, 376, 375, 374, 373, 370, 348, 347, 346, 323, 324, 300, 302, 326, 325, 349, 350, 351, 352, 353, 328, 327, 304, 303, 301, 277, 278, 279, 256, 258, 281, 280, 282, 283, 305, 306, 329, 307, 330, 354, 377, 379, 378, 356, 355, 332, 331, 309, 308, 284, 286, 310, 311, 333, 334, 357, 380, 381, 383, 384, 382, 358, 359, 360, 361, 336, 335, 312, 287, 288, 263, 262, 285, 261, 260, 259, 257, 234, 233, 255, 231, 232, 210, 209, 208, 185, 186, 187, 188, 211, 212, 235, 236, 237, 239, 238, 215, 214, 213, 190, 192, 216, 217, 240, 241, 264, 265, 289, 267, 268, 266, 244, 243, 242, 219, 218, 194, 193, 191, 189, 164, 165, 163, 162, 140, 141, 142, 143, 166, 144, 167, 168, 169, 170, 171, 147, 146, 145, 121, 120, 119, 118, 94, 93, 70, 71, 72, 73, 95, 96, 74, 97, 98, 122, 123, 100, 99, 77, 76, 75, 50, 49, 48, 47, 25, 26, 27, 28, 51, 52, 53, 54, 78, 79, 55, 30, 31, 32, 56, 57, 58, 35, 36, 37, 59, 81, 80, 103, 101, 102, 124, 125, 104, 128, 126, 148, 149, 172, 150, 127, 129, 151, 152, 153, 177, 200, 176, 175, 174, 173, 195, 196, 220, 197, 198, 199, 221, 222, 245, 246, 247, 249, 271, 270, 269, 291, 292, 290, 313, 314, 315, 293, 316, 338, 337, 339, 340, 363, 362, 385, 408, 386, 409, 387, 410, 411, 435]"
rat575,454,8324.1099189938,7878.151680570351,2.763759136199951,3,"[479, 480, 482, 481, 458, 457, 456, 478, 455, 431, 432, 433, 434, 435, 459, 436, 413, 412, 388, 411, 410, 387, 409, 386, 408, 384, 385, 362, 363, 340, 364, 341, 365, 389, 390, 366, 367, 344, 343, 342, 319, 318, 316, 315, 314, 293, 294, 317, 295, 296, 320, 321, 297, 272, 270, 269, 292, 291, 268, 267, 265, 266, 244, 245, 246, 247, 222, 224, 248, 271, 249, 250, 273, 274, 298, 275, 251, 252, 229, 227, 226, 225, 223, 221, 199, 198, 197, 220, 196, 195, 173, 174, 175, 176, 200, 178, 202, 201, 203, 204, 228, 206, 205, 183, 180, 181, 179, 156, 177, 153, 152, 151, 129, 150, 127, 128, 104, 105, 106, 107, 130, 131, 154, 155, 132, 108, 109, 84, 83, 82, 81, 59, 60, 62, 85, 86, 87, 133, 110, 134, 135, 157, 158, 182, 159, 160, 136, 137, 114, 113, 111, 112, 90, 89, 88, 91, 68, 67, 66, 65, 64, 63, 61, 37, 36, 35, 58, 57, 56, 55, 54, 53, 31, 30, 52, 51, 28, 27, 25, 26, 4, 29, 7, 32, 10, 33, 34, 12, 11, 38, 15, 39, 40, 41, 18, 42, 19, 43, 44, 20, 45, 22, 21, 17, 16, 14, 13, 9, 8, 6, 5, 3, 2, 1, 0, 24, 23, 47, 49, 50, 73, 72, 71, 48, 46, 69, 92, 115, 116, 117, 138, 139, 161, 184, 207, 230, 253, 254, 276, 299, 322, 345, 368, 369, 392, 393, 391, 414, 437, 460, 483, 484, 506, 529, 552, 553, 554, 555, 556, 557, 558, 559, 534, 533, 532, 531, 530, 507, 508, 509, 486, 510, 535, 536, 512, 511, 488, 487, 485, 462, 461, 438, 439, 463, 464, 442, 466, 465, 489, 513, 514, 537, 538, 560, 561, 562, 563, 564, 539, 540, 516, 515, 517, 541, 542, 565, 566, 544, 567, 568, 570, 572, 571, 569, 546, 547, 545, 543, 521, 520, 519, 518, 495, 494, 493, 492, 491, 490, 468, 469, 471, 470, 447, 446, 445, 467, 444, 443, 441, 440, 416, 415, 417, 418, 419, 420, 395, 394, 371, 372, 396, 397, 421, 422, 423, 424, 425, 448, 449, 472, 473, 496, 497, 498, 474, 451, 450, 426, 427, 428, 404, 403, 402, 401, 400, 399, 398, 376, 375, 374, 373, 370, 348, 347, 346, 323, 324, 300, 302, 326, 325, 349, 350, 351, 352, 353, 328, 327, 304, 303, 301, 277, 278, 279, 256, 258, 281, 280, 282, 283, 305, 306, 329, 307, 330, 354, 377, 379, 378, 356, 355, 332, 331, 309, 308, 284, 285, 262, 261, 260, 259, 257, 255, 231, 232, 209, 210, 233, 234, 212, 235, 236, 237, 214, 213, 211, 189, 188, 187, 186, 185, 208, 162, 163, 164, 165, 141, 140, 142, 143, 166, 144, 167, 168, 169, 145, 146, 121, 120, 119, 118, 94, 93, 70, 95, 96, 97, 98, 122, 123, 100, 99, 74, 75, 76, 77, 78, 79, 80, 103, 101, 102, 125, 124, 147, 126, 148, 149, 172, 171, 170, 193, 191, 190, 192, 194, 216, 215, 238, 239, 240, 217, 218, 219, 242, 243, 241, 264, 263, 286, 310, 311, 287, 288, 289, 290, 313, 312, 334, 333, 357, 380, 358, 359, 336, 335, 337, 338, 339, 361, 360, 382, 383, 381, 405, 406, 407, 430, 429, 452, 475, 499, 522, 523, 524, 501, 500, 502, 525, 548, 550, 573, 574, 551, 549, 526, 503, 527, 528, 505, 504, 477, 476, 453, 454]"
rat575,455,8353.714446332513,7855.931280768266,2.752863883972168,3,"[478, 456, 432, 433, 434, 435, 459, 436, 413, 412, 388, 411, 410, 387, 409, 386, 408, 384, 385, 362, 363, 340, 364, 389, 390, 366, 367, 365, 341, 342, 344, 343, 319, 318, 316, 315, 314, 293, 294, 317, 295, 296, 320, 321, 297, 272, 270, 271, 249, 250, 273, 274, 298, 275, 251, 252, 229, 227, 228, 205, 206, 183, 204, 203, 180, 181, 202, 201, 178, 179, 156, 155, 177, 153, 152, 151, 129, 150, 127, 128, 104, 105, 106, 107, 130, 131, 154, 132, 108, 109, 84, 83, 82, 81, 59, 60, 62, 85, 86, 87, 133, 110, 134, 135, 157, 158, 182, 159, 160, 136, 137, 114, 113, 111, 112, 90, 89, 88, 91, 68, 67, 66, 65, 64, 63, 61, 37, 36, 35, 58, 57, 56, 55, 54, 53, 31, 30, 52, 51, 28, 27, 25, 26, 4, 29, 7, 32, 10, 33, 34, 12, 11, 38, 15, 39, 40, 41, 18, 42, 19, 43, 44, 20, 45, 22, 21, 17, 16, 14, 13, 9, 8, 6, 5, 3, 2, 1, 0, 24, 23, 47, 49, 50, 73, 72, 71, 48, 46, 69, 92, 115, 116, 117, 138, 139, 161, 184, 207, 230, 253, 254, 276, 299, 322, 345, 368, 369, 392, 393, 391, 414, 437, 460, 483, 484, 506, 529, 552, 553, 554, 555, 556, 557, 558, 559, 534, 533, 532, 531, 530, 507, 508, 509, 486, 510, 535, 536, 512, 511, 488, 487, 485, 462, 461, 438, 439, 463, 464, 442, 466, 465, 489, 513, 514, 537, 538, 560, 561, 562, 563, 564, 539, 540, 516, 515, 517, 541, 542, 565, 566, 544, 567, 568, 570, 572, 571, 569, 546, 547, 545, 543, 521, 520, 519, 518, 495, 494, 493, 492, 491, 490, 468, 469, 471, 470, 447, 446, 445, 467, 444, 443, 441, 440, 416, 415, 417, 418, 419, 420, 395, 394, 371, 372, 396, 397, 421, 422, 423, 424, 425, 448, 449, 472, 473, 496, 497, 498, 474, 499, 522, 523, 524, 501, 500, 502, 525, 548, 550, 573, 574, 551, 549, 526, 503, 527, 528, 505, 504, 482, 481, 458, 457, 480, 479, 477, 476, 454, 453, 475, 452, 451, 450, 426, 427, 428, 404, 403, 402, 401, 400, 399, 398, 376, 375, 374, 373, 370, 348, 347, 346, 323, 324, 300, 302, 326, 325, 349, 350, 351, 352, 353, 328, 327, 304, 303, 301, 277, 278, 279, 256, 258, 281, 280, 282, 283, 305, 306, 329, 307, 330, 354, 377, 379, 378, 356, 355, 332, 331, 309, 308, 284, 286, 310, 311, 287, 289, 288, 263, 262, 285, 261, 260, 259, 257, 234, 233, 255, 231, 232, 210, 209, 208, 185, 186, 187, 188, 211, 212, 235, 236, 237, 239, 238, 215, 214, 213, 190, 192, 216, 217, 240, 241, 264, 265, 266, 243, 242, 219, 218, 194, 193, 191, 189, 164, 165, 163, 162, 140, 141, 142, 143, 166, 144, 167, 168, 169, 170, 146, 145, 121, 120, 119, 118, 94, 93, 70, 95, 96, 97, 98, 122, 123, 100, 99, 74, 75, 76, 77, 78, 79, 80, 103, 101, 102, 125, 124, 147, 126, 148, 149, 172, 171, 195, 196, 173, 174, 175, 176, 200, 223, 199, 198, 197, 220, 221, 244, 245, 222, 224, 225, 226, 248, 247, 246, 268, 267, 291, 269, 292, 290, 313, 312, 334, 333, 357, 380, 358, 359, 336, 335, 337, 338, 339, 361, 360, 382, 383, 381, 405, 406, 407, 429, 430, 431, 455]"
rat575,456,8356.800781831642,7855.350196288466,3.0021002292633057,3,"[457, 458, 481, 482, 459, 434, 435, 436, 413, 412, 388, 411, 410, 387, 409, 386, 408, 384, 385, 362, 363, 340, 364, 389, 390, 366, 367, 365, 341, 342, 344, 343, 319, 318, 316, 315, 293, 294, 317, 295, 296, 320, 321, 297, 272, 270, 271, 249, 250, 273, 274, 298, 275, 251, 252, 229, 227, 228, 205, 206, 183, 204, 203, 180, 181, 202, 201, 178, 179, 156, 155, 177, 153, 152, 151, 129, 150, 127, 128, 104, 105, 106, 107, 130, 131, 154, 132, 108, 109, 84, 83, 82, 81, 59, 60, 62, 85, 86, 87, 133, 110, 134, 135, 157, 158, 182, 159, 160, 136, 137, 114, 113, 111, 112, 90, 89, 88, 91, 68, 67, 66, 65, 64, 63, 61, 37, 36, 35, 58, 57, 56, 55, 31, 30, 52, 51, 28, 27, 25, 26, 4, 29, 7, 32, 10, 33, 34, 12, 11, 38, 15, 39, 40, 41, 18, 42, 19, 43, 44, 20, 45, 22, 21, 17, 16, 14, 13, 9, 8, 6, 5, 3, 2, 1, 0, 24, 23, 47, 49, 48, 46, 69, 92, 115, 116, 117, 138, 139, 161, 184, 207, 230, 253, 254, 276, 299, 322, 345, 368, 369, 392, 393, 391, 414, 437, 460, 483, 484, 506, 529, 552, 553, 554, 555, 556, 557, 558, 559, 534, 533, 532, 531, 530, 507, 508, 509, 486, 510, 535, 536, 512, 511, 488, 487, 485, 462, 461, 438, 439, 463, 464, 442, 466, 465, 489, 513, 514, 537, 538, 560, 561, 562, 563, 564, 539, 540, 516, 515, 517, 541, 542, 565, 566, 544, 567, 568, 570, 572, 571, 569, 546, 547, 545, 543, 521, 520, 519, 518, 495, 494, 493, 492, 491, 490, 468, 469, 471, 470, 447, 446, 445, 467, 444, 443, 441, 440, 416, 415, 417, 418, 419, 420, 395, 394, 371, 372, 396, 397, 421, 422, 423, 424, 425, 448, 449, 472, 473, 496, 497, 498, 474, 499, 522, 523, 524, 501, 500, 502, 525, 548, 550, 573, 574, 551, 549, 526, 503, 527, 528, 505, 504, 480, 479, 477, 476, 454, 453, 475, 452, 451, 450, 426, 427, 428, 404, 403, 402, 401, 400, 399, 398, 376, 375, 374, 373, 370, 348, 347, 346, 323, 324, 300, 302, 326, 325, 349, 350, 351, 352, 353, 328, 327, 304, 303, 301, 277, 278, 279, 256, 258, 281, 280, 282, 283, 305, 306, 329, 307, 330, 354, 377, 379, 378, 356, 355, 332, 331, 309, 308, 284, 286, 310, 311, 287, 289, 288, 263, 262, 285, 261, 260, 259, 257, 234, 233, 255, 231, 232, 210, 209, 208, 185, 186, 187, 188, 211, 212, 235, 236, 237, 239, 238, 215, 214, 213, 190, 192, 216, 217, 240, 241, 264, 265, 266, 243, 242, 219, 218, 194, 193, 191, 189, 164, 165, 163, 162, 140, 141, 142, 143, 166, 144, 167, 168, 169, 170, 146, 145, 121, 120, 119, 118, 94, 93, 70, 71, 72, 50, 73, 95, 96, 97, 98, 122, 123, 100, 99, 74, 75, 76, 77, 53, 54, 78, 79, 80, 103, 101, 102, 125, 124, 147, 126, 148, 149, 172, 171, 195, 196, 173, 174, 175, 176, 200, 223, 199, 198, 197, 220, 221, 244, 245, 222, 224, 225, 226, 248, 247, 246, 268, 267, 291, 269, 292, 314, 290, 313, 312, 334, 333, 357, 380, 358, 359, 336, 335, 337, 338, 339, 361, 360, 382, 383, 381, 405, 406, 407, 429, 430, 431, 432, 433, 455, 478, 456]"
rat575,461,8609.081314241892,7870.692091383608,2.7552671432495117,3,"[462, 485, 486, 510, 511, 488, 487, 464, 463, 439, 438, 416, 417, 418, 440, 441, 442, 466, 465, 489, 513, 514, 537, 538, 560, 561, 562, 563, 564, 539, 540, 516, 515, 517, 541, 542, 565, 566, 544, 567, 568, 570, 572, 571, 569, 546, 547, 545, 543, 521, 520, 519, 518, 495, 494, 493, 492, 491, 490, 468, 469, 471, 470, 447, 446, 445, 467, 444, 443, 419, 420, 396, 395, 372, 371, 394, 393, 392, 369, 370, 347, 348, 349, 350, 373, 374, 397, 421, 422, 423, 424, 425, 448, 449, 472, 473, 496, 497, 498, 474, 499, 522, 523, 524, 501, 500, 502, 525, 548, 550, 573, 574, 551, 549, 526, 503, 527, 528, 505, 504, 480, 479, 477, 476, 454, 453, 475, 452, 451, 450, 426, 427, 429, 431, 455, 478, 456, 457, 458, 481, 482, 459, 436, 413, 435, 434, 433, 432, 430, 407, 406, 428, 405, 404, 403, 402, 401, 400, 399, 398, 376, 375, 377, 379, 378, 353, 352, 351, 328, 326, 325, 324, 302, 327, 304, 303, 301, 278, 279, 256, 258, 281, 280, 282, 283, 305, 306, 329, 307, 330, 354, 355, 356, 332, 331, 309, 308, 284, 286, 310, 311, 333, 334, 357, 380, 381, 383, 382, 358, 359, 360, 384, 408, 386, 409, 410, 411, 412, 388, 387, 385, 362, 363, 389, 390, 366, 367, 365, 341, 364, 340, 339, 338, 337, 361, 336, 335, 312, 287, 288, 263, 262, 285, 261, 260, 259, 257, 234, 233, 255, 231, 232, 210, 209, 208, 185, 186, 187, 188, 211, 212, 235, 236, 237, 239, 238, 215, 214, 213, 190, 192, 216, 217, 240, 241, 264, 265, 289, 290, 313, 314, 315, 316, 318, 342, 344, 343, 319, 295, 317, 294, 293, 292, 291, 268, 267, 266, 244, 243, 242, 219, 218, 194, 193, 191, 189, 165, 164, 163, 141, 140, 117, 118, 143, 142, 166, 144, 167, 168, 169, 170, 171, 195, 196, 220, 221, 222, 245, 246, 247, 271, 270, 269, 272, 296, 320, 321, 297, 298, 275, 274, 273, 251, 252, 250, 249, 248, 226, 225, 224, 223, 199, 198, 197, 200, 201, 202, 176, 175, 174, 173, 151, 152, 153, 129, 127, 150, 126, 149, 172, 148, 147, 146, 145, 121, 120, 119, 95, 96, 74, 97, 98, 122, 100, 123, 124, 125, 102, 101, 99, 77, 76, 75, 73, 72, 50, 49, 51, 28, 27, 25, 26, 4, 7, 29, 52, 53, 54, 78, 80, 103, 105, 104, 128, 106, 107, 130, 131, 154, 155, 177, 178, 179, 203, 204, 227, 229, 228, 206, 205, 183, 180, 181, 156, 132, 108, 109, 84, 83, 82, 81, 79, 56, 55, 30, 31, 32, 10, 33, 34, 57, 58, 35, 36, 59, 60, 62, 85, 86, 87, 133, 110, 134, 135, 157, 158, 182, 159, 160, 136, 137, 114, 113, 111, 112, 90, 89, 88, 91, 68, 67, 66, 65, 64, 63, 61, 37, 38, 15, 39, 40, 41, 18, 42, 19, 43, 44, 20, 45, 22, 21, 17, 16, 14, 13, 12, 11, 9, 8, 6, 5, 3, 2, 1, 0, 24, 23, 47, 48, 71, 46, 69, 70, 92, 93, 94, 116, 115, 138, 139, 162, 161, 184, 207, 230, 253, 254, 276, 277, 300, 299, 323, 322, 346, 345, 368, 391, 415, 414, 437, 483, 506, 529, 552, 553, 554, 555, 556, 557, 558, 559, 536, 512, 535, 534, 533, 532, 531, 530, 507, 509, 508, 484, 460, 461]"
rat575,488,8445.991889974517,7844.78552414057,2.7397468090057373,3,"[511, 512, 536, 537, 560, 561, 562, 563, 564, 538, 514, 513, 489, 465, 490, 491, 492, 515, 516, 539, 540, 517, 541, 542, 565, 566, 544, 567, 568, 570, 572, 571, 569, 546, 547, 545, 543, 521, 520, 519, 518, 495, 494, 493, 469, 468, 445, 470, 471, 447, 446, 467, 444, 443, 466, 442, 464, 463, 441, 440, 419, 420, 421, 422, 423, 424, 448, 449, 472, 473, 496, 497, 498, 474, 499, 522, 523, 524, 501, 500, 502, 525, 548, 550, 573, 574, 551, 549, 526, 503, 527, 528, 505, 504, 480, 479, 477, 476, 454, 453, 475, 452, 451, 450, 429, 428, 427, 426, 425, 401, 400, 399, 398, 397, 396, 374, 376, 375, 352, 353, 377, 379, 402, 403, 404, 405, 406, 430, 431, 455, 478, 456, 457, 458, 481, 482, 459, 436, 413, 435, 434, 433, 432, 407, 408, 386, 409, 410, 411, 412, 388, 387, 385, 362, 363, 389, 390, 366, 367, 365, 341, 364, 340, 339, 338, 337, 361, 384, 383, 381, 380, 378, 355, 354, 332, 356, 333, 334, 357, 358, 382, 359, 360, 336, 335, 312, 311, 310, 309, 308, 331, 330, 307, 329, 306, 304, 327, 328, 326, 325, 302, 303, 280, 278, 279, 256, 258, 281, 282, 305, 283, 284, 286, 287, 288, 263, 262, 285, 261, 260, 259, 257, 255, 233, 234, 212, 235, 236, 237, 239, 238, 215, 214, 213, 190, 211, 188, 189, 166, 167, 191, 192, 216, 217, 240, 241, 264, 265, 289, 290, 313, 314, 315, 316, 318, 342, 344, 343, 319, 295, 317, 294, 293, 292, 291, 268, 267, 266, 244, 243, 242, 219, 218, 194, 193, 170, 171, 169, 168, 145, 146, 121, 144, 143, 142, 141, 140, 117, 118, 120, 119, 95, 96, 74, 97, 98, 122, 100, 123, 124, 147, 148, 172, 195, 196, 220, 221, 222, 245, 246, 247, 271, 270, 269, 272, 296, 320, 321, 297, 298, 275, 274, 273, 251, 252, 250, 249, 248, 226, 225, 224, 223, 199, 198, 197, 200, 201, 202, 176, 175, 174, 173, 151, 152, 153, 129, 127, 150, 149, 126, 125, 102, 101, 99, 77, 76, 75, 73, 72, 50, 49, 51, 28, 27, 25, 26, 4, 7, 29, 52, 53, 54, 78, 80, 103, 105, 104, 128, 106, 107, 130, 131, 154, 155, 177, 178, 179, 203, 204, 227, 229, 228, 206, 205, 183, 180, 181, 156, 132, 108, 109, 84, 83, 82, 81, 79, 56, 55, 30, 31, 32, 10, 33, 34, 57, 58, 35, 36, 59, 60, 62, 85, 86, 87, 133, 110, 134, 135, 157, 158, 182, 159, 160, 136, 137, 114, 113, 111, 112, 90, 89, 88, 91, 68, 67, 66, 65, 64, 63, 61, 37, 38, 15, 39, 40, 41, 18, 42, 19, 43, 44, 20, 45, 22, 21, 17, 16, 14, 13, 12, 11, 9, 8, 6, 5, 3, 2, 1, 0, 24, 23, 47, 48, 71, 46, 69, 70, 92, 93, 94, 116, 115, 138, 139, 161, 162, 163, 165, 164, 187, 186, 184, 185, 208, 207, 209, 210, 232, 231, 230, 253, 254, 276, 277, 301, 300, 299, 324, 323, 322, 345, 368, 391, 393, 392, 369, 370, 346, 347, 348, 349, 350, 351, 373, 372, 371, 394, 395, 418, 417, 416, 415, 414, 437, 438, 439, 462, 461, 460, 483, 506, 529, 552, 553, 554, 555, 556, 557, 558, 559, 535, 534, 533, 532, 531, 530, 507, 509, 508, 484, 485, 486, 510, 487, 488]"
rat575,492,8377.665329356245,7855.211425311285,2.7372710704803467,3,"[517, 541, 542, 565, 566, 544, 567, 568, 570, 572, 571, 569, 546, 547, 545, 543, 521, 520, 519, 518, 495, 494, 493, 469, 468, 445, 446, 470, 471, 447, 423, 422, 421, 420, 397, 398, 399, 401, 424, 425, 448, 449, 472, 473, 496, 497, 498, 474, 499, 522, 523, 524, 501, 500, 502, 525, 548, 550, 573, 574, 551, 549, 526, 503, 527, 528, 505, 504, 480, 479, 477, 476, 454, 453, 475, 452, 451, 450, 426, 427, 429, 431, 455, 478, 456, 457, 458, 481, 482, 459, 436, 413, 435, 434, 433, 432, 430, 407, 406, 428, 405, 404, 403, 402, 400, 376, 375, 377, 379, 378, 353, 352, 351, 328, 330, 354, 355, 356, 332, 331, 307, 329, 327, 304, 306, 305, 283, 284, 308, 309, 311, 333, 334, 357, 380, 381, 383, 382, 358, 359, 360, 384, 408, 386, 409, 410, 411, 412, 388, 387, 385, 362, 363, 389, 390, 366, 367, 365, 341, 364, 340, 339, 338, 337, 361, 336, 335, 312, 310, 287, 288, 286, 285, 262, 263, 264, 265, 289, 290, 313, 314, 315, 316, 318, 319, 342, 343, 344, 321, 320, 297, 296, 295, 317, 294, 293, 292, 291, 268, 267, 266, 241, 239, 238, 240, 217, 218, 219, 242, 243, 244, 245, 246, 270, 269, 272, 271, 247, 222, 221, 220, 197, 198, 199, 223, 224, 248, 249, 250, 273, 274, 298, 275, 251, 252, 229, 227, 226, 225, 201, 202, 200, 176, 175, 174, 173, 196, 195, 194, 216, 193, 170, 171, 169, 168, 167, 144, 166, 142, 141, 140, 117, 118, 143, 145, 146, 121, 120, 119, 95, 96, 74, 97, 98, 122, 100, 123, 124, 147, 148, 172, 149, 151, 152, 153, 129, 127, 150, 126, 125, 102, 101, 99, 77, 76, 75, 73, 72, 50, 49, 51, 28, 27, 25, 26, 4, 7, 29, 52, 53, 54, 78, 80, 103, 105, 104, 128, 106, 107, 130, 131, 154, 155, 177, 178, 179, 203, 204, 228, 206, 205, 183, 180, 181, 156, 132, 108, 109, 84, 83, 82, 81, 79, 56, 55, 30, 31, 32, 10, 33, 34, 57, 58, 35, 36, 59, 60, 62, 85, 86, 87, 133, 110, 134, 135, 157, 158, 182, 159, 160, 136, 137, 114, 113, 111, 112, 90, 89, 88, 91, 68, 67, 66, 65, 64, 63, 61, 37, 38, 15, 39, 40, 41, 18, 42, 19, 43, 44, 20, 45, 22, 21, 17, 16, 14, 13, 12, 11, 9, 8, 6, 5, 3, 2, 1, 0, 24, 23, 47, 48, 71, 46, 69, 70, 92, 93, 94, 116, 115, 138, 139, 161, 184, 162, 163, 164, 165, 189, 191, 192, 190, 211, 188, 187, 186, 185, 208, 207, 230, 253, 276, 254, 255, 231, 232, 209, 210, 233, 234, 212, 235, 236, 213, 214, 215, 237, 261, 260, 259, 258, 257, 256, 281, 282, 280, 279, 278, 277, 301, 303, 302, 324, 300, 299, 323, 322, 345, 368, 391, 414, 437, 460, 483, 484, 506, 529, 552, 553, 554, 555, 556, 557, 558, 559, 534, 533, 532, 531, 530, 507, 508, 509, 486, 510, 535, 536, 512, 511, 488, 487, 485, 462, 461, 438, 439, 463, 464, 441, 440, 416, 415, 417, 393, 392, 369, 370, 346, 347, 348, 325, 326, 349, 350, 373, 372, 371, 394, 374, 396, 395, 418, 419, 443, 442, 466, 444, 467, 465, 489, 490, 491, 513, 514, 537, 538, 560, 561, 562, 563, 564, 539, 540, 516, 515, 492]"
rat575,524,8243.352984823601,7794.116059246099,2.7165751457214355,3,"[548, 526, 549, 550, 574, 551, 528, 527, 503, 525, 502, 479, 480, 504, 505, 482, 481, 458, 457, 456, 478, 455, 434, 435, 459, 436, 413, 412, 388, 411, 410, 387, 409, 386, 408, 384, 385, 362, 363, 340, 364, 389, 390, 366, 367, 365, 341, 342, 344, 343, 319, 318, 316, 315, 314, 293, 294, 317, 295, 296, 320, 321, 297, 272, 270, 271, 249, 250, 273, 274, 298, 275, 251, 252, 229, 227, 228, 205, 206, 183, 204, 203, 180, 181, 202, 201, 178, 179, 156, 155, 177, 153, 152, 151, 129, 150, 127, 128, 104, 105, 106, 107, 130, 131, 154, 132, 108, 109, 84, 83, 82, 81, 59, 60, 62, 85, 86, 87, 133, 110, 134, 135, 157, 158, 182, 159, 160, 136, 137, 114, 113, 111, 112, 90, 89, 88, 91, 68, 67, 66, 65, 64, 63, 61, 37, 36, 35, 58, 57, 56, 55, 54, 53, 31, 30, 52, 51, 28, 27, 25, 26, 4, 29, 7, 32, 10, 33, 34, 12, 11, 38, 15, 39, 40, 41, 18, 42, 19, 43, 44, 20, 45, 22, 21, 17, 16, 14, 13, 9, 8, 6, 5, 3, 2, 1, 0, 24, 23, 47, 49, 50, 73, 72, 71, 48, 46, 69, 92, 115, 116, 117, 138, 139, 161, 184, 207, 230, 253, 254, 276, 299, 322, 345, 368, 369, 392, 393, 391, 414, 437, 460, 483, 484, 506, 529, 552, 553, 554, 555, 556, 557, 558, 559, 534, 533, 532, 531, 530, 507, 508, 509, 486, 510, 535, 536, 512, 511, 488, 487, 485, 462, 461, 438, 439, 463, 464, 442, 466, 465, 489, 513, 514, 537, 538, 560, 561, 562, 563, 564, 539, 540, 516, 515, 517, 541, 542, 565, 566, 544, 567, 568, 570, 572, 573, 571, 569, 546, 547, 545, 543, 521, 520, 519, 518, 495, 494, 493, 492, 491, 490, 468, 469, 471, 470, 447, 446, 445, 467, 444, 443, 441, 440, 416, 415, 417, 418, 419, 420, 395, 394, 371, 372, 396, 397, 421, 422, 423, 424, 425, 448, 449, 472, 473, 496, 497, 498, 474, 451, 450, 426, 427, 404, 403, 402, 401, 400, 399, 398, 376, 375, 374, 373, 370, 348, 347, 346, 323, 324, 300, 302, 326, 325, 349, 350, 351, 352, 353, 328, 327, 304, 303, 301, 277, 278, 279, 256, 258, 281, 280, 282, 283, 305, 306, 329, 307, 330, 354, 377, 379, 378, 356, 355, 332, 331, 309, 308, 284, 286, 310, 311, 287, 289, 288, 263, 262, 285, 261, 260, 259, 257, 234, 233, 255, 231, 232, 210, 209, 208, 185, 186, 187, 188, 211, 212, 235, 236, 237, 239, 238, 215, 214, 213, 190, 192, 191, 189, 164, 165, 163, 162, 140, 141, 142, 143, 166, 144, 167, 168, 169, 145, 146, 121, 120, 119, 118, 94, 93, 70, 95, 96, 97, 98, 122, 123, 100, 99, 74, 75, 76, 77, 78, 79, 80, 103, 101, 102, 125, 124, 147, 126, 148, 149, 172, 171, 170, 193, 216, 217, 240, 241, 264, 265, 266, 243, 242, 219, 218, 194, 195, 196, 173, 174, 175, 176, 200, 223, 199, 198, 197, 220, 221, 244, 245, 222, 224, 225, 226, 248, 247, 246, 268, 267, 291, 269, 292, 290, 313, 312, 334, 333, 357, 380, 358, 359, 336, 335, 337, 338, 339, 361, 360, 382, 381, 383, 407, 432, 433, 431, 430, 406, 405, 428, 429, 454, 453, 452, 475, 476, 477, 499, 522, 500, 501, 523, 524]"
rat575,546,8408.525717244715,7854.306969352523,2.8005802631378174,3,"[547, 524, 523, 500, 501, 502, 525, 548, 550, 573, 574, 551, 549, 526, 503, 527, 528, 505, 504, 480, 479, 477, 476, 475, 453, 454, 478, 482, 481, 458, 457, 456, 455, 432, 433, 434, 435, 459, 436, 413, 412, 388, 411, 410, 387, 409, 386, 408, 384, 385, 362, 363, 340, 364, 389, 390, 366, 367, 365, 341, 342, 344, 343, 319, 318, 316, 315, 293, 294, 317, 295, 296, 320, 321, 297, 272, 270, 269, 291, 292, 314, 313, 290, 289, 265, 266, 267, 268, 244, 245, 246, 247, 222, 223, 224, 248, 271, 249, 250, 273, 274, 298, 275, 251, 252, 229, 227, 226, 225, 201, 202, 178, 179, 180, 203, 204, 228, 205, 206, 183, 182, 181, 156, 155, 177, 154, 132, 157, 158, 159, 160, 136, 135, 134, 110, 133, 108, 131, 130, 107, 106, 128, 104, 103, 101, 102, 125, 126, 127, 129, 153, 152, 151, 150, 149, 148, 147, 124, 100, 99, 98, 122, 123, 146, 145, 121, 143, 120, 119, 118, 95, 96, 97, 74, 75, 76, 77, 78, 80, 105, 84, 83, 82, 81, 79, 56, 55, 54, 53, 31, 30, 52, 51, 28, 27, 25, 26, 4, 29, 7, 32, 10, 33, 34, 57, 58, 35, 36, 59, 60, 62, 85, 86, 109, 87, 111, 113, 137, 114, 90, 112, 89, 88, 91, 68, 67, 66, 65, 64, 63, 61, 37, 38, 15, 39, 40, 41, 18, 42, 19, 43, 44, 20, 45, 22, 21, 17, 16, 14, 13, 12, 11, 9, 8, 6, 5, 3, 2, 1, 0, 24, 23, 47, 49, 50, 73, 72, 71, 48, 46, 69, 70, 92, 93, 115, 116, 94, 117, 140, 138, 139, 161, 184, 207, 230, 253, 254, 276, 299, 322, 345, 368, 369, 392, 393, 391, 414, 437, 460, 483, 484, 506, 529, 552, 553, 554, 555, 556, 557, 558, 559, 534, 533, 532, 531, 530, 507, 508, 509, 486, 510, 535, 536, 512, 511, 488, 487, 485, 462, 461, 438, 439, 463, 464, 442, 466, 465, 489, 513, 514, 537, 538, 560, 561, 562, 563, 565, 566, 564, 539, 516, 540, 541, 542, 543, 517, 494, 493, 492, 515, 491, 490, 468, 469, 471, 470, 447, 446, 445, 467, 444, 443, 441, 440, 416, 415, 417, 418, 419, 420, 395, 394, 371, 372, 396, 397, 421, 422, 423, 424, 425, 404, 403, 402, 401, 400, 399, 398, 374, 373, 375, 376, 377, 379, 378, 353, 352, 351, 350, 370, 347, 346, 323, 348, 349, 326, 325, 324, 300, 302, 303, 301, 277, 278, 279, 256, 258, 281, 280, 282, 260, 261, 259, 257, 234, 233, 255, 231, 232, 210, 209, 208, 185, 186, 187, 188, 211, 212, 235, 236, 237, 239, 238, 215, 214, 213, 190, 192, 216, 217, 240, 219, 218, 194, 193, 191, 189, 164, 165, 163, 162, 141, 142, 166, 144, 167, 168, 169, 170, 171, 172, 195, 196, 173, 174, 175, 176, 200, 199, 198, 221, 197, 220, 242, 243, 241, 264, 263, 262, 285, 288, 287, 286, 284, 283, 305, 306, 304, 327, 328, 329, 307, 330, 354, 355, 356, 332, 331, 308, 309, 310, 311, 312, 335, 334, 333, 357, 380, 358, 359, 336, 337, 338, 339, 361, 360, 382, 381, 383, 407, 431, 430, 406, 405, 428, 427, 426, 448, 449, 472, 450, 429, 452, 451, 474, 473, 496, 495, 518, 519, 520, 497, 498, 499, 522, 521, 545, 544, 567, 568, 570, 572, 571, 569, 546]"
